sparql,ground_truth,generated,template,hub_id,context,f1-BERTScore,precision-BERTScore,recall-BERTScore
SELECT ?creatures WHERE {  ?creatures <http://www.semanticweb.org/annab/ontologies/2022/3/ontology#hasAlignment> <http://www.semanticweb.org/annab/ontologies/2022/3/ontology#chaoticGood> MINUS{?creatures <http://www.semanticweb.org/annab/ontologies/2022/3/ontology#hasLanguages> <http://www.semanticweb.org/annab/ontologies/2022/3/ontology#DraconicL>} },which creatures not speaking draconic language do have chaotic good alignment?,Which creatures are not chaotic good and do not speak Draconic?,MISTRAL_BASIC1,mistralai/Mistral-7B-Instruct-v0.2,False,0.9690318703651428,0.9659523963928223,0.9721311330795288
"SELECT (if(COUNT(?cay_SpecAbils)>COUNT(?aas_SpecAbils), 'True', 'False') as ?res) WHERE {  <http://www.semanticweb.org/annab/ontologies/2022/3/ontology#caypup> <http://www.semanticweb.org/annab/ontologies/2022/3/ontology#hasSpecAbils> ?cay_SpecAbils. <http://www.semanticweb.org/annab/ontologies/2022/3/ontology#aasimar> <http://www.semanticweb.org/annab/ontologies/2022/3/ontology#hasSpecAbils> ?aas_SpecAbils }",does Caypup have more special abilities than Aasimar?,Do caypups have more abilities than aasimars?,MISTRAL_BASIC1,mistralai/Mistral-7B-Instruct-v0.2,False,0.9689972400665283,0.9704611897468567,0.9675377607345581
SELECT (COUNT(?creatures) as ?n_creatures) WHERE {  ?creatures <http://www.semanticweb.org/annab/ontologies/2022/3/ontology#hasLanguages> <http://www.semanticweb.org/annab/ontologies/2022/3/ontology#TreantL> MINUS{?creatures <http://www.semanticweb.org/annab/ontologies/2022/3/ontology#hasAlignment> <http://www.semanticweb.org/annab/ontologies/2022/3/ontology#trueNeutral>} MINUS{?creatures <http://www.semanticweb.org/annab/ontologies/2022/3/ontology#hasAlignment> <http://www.semanticweb.org/annab/ontologies/2022/3/ontology#chaoticNeutral>} MINUS{?creatures <http://www.semanticweb.org/annab/ontologies/2022/3/ontology#hasAlignment> <http://www.semanticweb.org/annab/ontologies/2022/3/ontology#lawfulNeutral>} },how many creatures with non-neutral alignment do speak treant language?,How many treants are there in the game?,MISTRAL_BASIC1,mistralai/Mistral-7B-Instruct-v0.2,False,0.9678913354873657,0.9663733243942261,0.9694141149520874
SELECT ?common_spells WHERE { <http://www.semanticweb.org/annab/ontologies/2022/3/ontology#aasimar> <http://www.semanticweb.org/annab/ontologies/2022/3/ontology#canSpell> ?common_spells. <http://www.semanticweb.org/annab/ontologies/2022/3/ontology#caypup> <http://www.semanticweb.org/annab/ontologies/2022/3/ontology#canSpell> ?common_spells },what spells Aasimar and Caypup do have in common?,Can an Aasimar and a Caypup cast the same spells?,MISTRAL_BASIC1,mistralai/Mistral-7B-Instruct-v0.2,False,0.9643771052360535,0.9642585515975952,0.9644956588745117
"SELECT (if(?n_creatures_1>?n_creatures_2, 'True', 'False') as ?res) WHERE {  {SELECT (COUNT(?creatures_1) as ?n_creatures_1) WHERE { ?creatures_1 <http://www.semanticweb.org/annab/ontologies/2022/3/ontology#hasLanguages> <http://www.semanticweb.org/annab/ontologies/2022/3/ontology#AbyssalL>; <http://www.semanticweb.org/annab/ontologies/2022/3/ontology#hasLanguages> <http://www.semanticweb.org/annab/ontologies/2022/3/ontology#AkloL>}} {SELECT (COUNT(?creatures_2) as ?n_creatures_2) WHERE { ?creatures_2 <http://www.semanticweb.org/annab/ontologies/2022/3/ontology#hasLanguages> <http://www.semanticweb.org/annab/ontologies/2022/3/ontology#InfernalL>; <http://www.semanticweb.org/annab/ontologies/2022/3/ontology#hasLanguages> <http://www.semanticweb.org/annab/ontologies/2022/3/ontology#TerranL>}} }",is the number of creatures speaking both abyssal and aklo languages greater than infernal and terran?,Do more creatures speak Abyssal and Aklo than those that speak Infernal and Terran?,MISTRAL_BASIC1,mistralai/Mistral-7B-Instruct-v0.2,False,0.9569798111915588,0.9586593508720398,0.9553061127662659
SELECT ?Alignment WHERE { ?subjects <http://www.semanticweb.org/annab/ontologies/2022/3/ontology#hasAlignment> ?Alignment } GROUP BY ?Alignment ORDER BY DESC (COUNT(?Alignment)) LIMIT 1,what is the most common alignment type?,Which alignment is the most common among all creatures?,MISTRAL_BASIC1,mistralai/Mistral-7B-Instruct-v0.2,False,0.9536234140396118,0.953271210193634,0.9539758563041687
"SELECT (COUNT(?creatures) as ?n_robots)  WHERE {  ?creatures <http://www.w3.org/1999/02/22-rdf-syntax-ns#type> <http://www.semanticweb.org/annab/ontologies/2022/3/ontology#Beast>  FILTER regex(str(?creatures), 'robot', 'i' )  }",how many types of robots are among creatures?,How many robots are there in the given dataset?,MISTRAL_BASIC1,mistralai/Mistral-7B-Instruct-v0.2,False,0.9696305990219116,0.9734915494918823,0.9658001661300659
"SELECT ?res  WHERE {  {SELECT (COUNT(?good) as ?n_good)  WHERE{  ?creatures <http://www.semanticweb.org/annab/ontologies/2022/3/ontology#hasAlignment> ?Alignment  BIND(str(?Alignment) as ?good)  FILTER regex(?good, 'good', 'i')} }  {SELECT (COUNT(?evil) as ?n_evil)  WHERE{ ?creatures <http://www.semanticweb.org/annab/ontologies/2022/3/ontology#hasAlignment> ?Alignment  BIND(str(?Alignment) as ?evil)  FILTER regex(?evil, 'evil', 'i')} }  BIND(if((?n_good>?n_evil), 'True', 'False') as ?res)  }",are creatures with good alignment more common than evil?,Do there exist more good creatures than evil ones?,MISTRAL_BASIC1,mistralai/Mistral-7B-Instruct-v0.2,False,0.9648196697235107,0.9641551971435547,0.9654849171638489
SELECT  DISTINCT ?creatures WHERE { ?creatures <http://www.semanticweb.org/annab/ontologies/2022/3/ontology#hasResists> <http://www.semanticweb.org/annab/ontologies/2022/3/ontology#cold> },what creatures do have cold resist?,Which creatures have the ability to resist cold?,MISTRAL_BASIC1,mistralai/Mistral-7B-Instruct-v0.2,False,0.9659823179244995,0.963982880115509,0.9679900407791138
"SELECT ((?n_dragon_with_languages/?n_dragons)*100 as ?percentage) WHERE { {SELECT (COUNT(DISTINCT(?dragon)) as ?n_dragons) WHERE {  ?creatures <http://www.w3.org/1999/02/22-rdf-syntax-ns#type> <http://www.semanticweb.org/annab/ontologies/2022/3/ontology#Beast>; <http://www.semanticweb.org/annab/ontologies/2022/3/ontology#hasLanguages> ?language BIND(str(?creatures) as ?dragon) FILTER regex(?dragon,'dragon', 'i')}} {SELECT (COUNT(DISTINCT(?dragon_with_languages)) as ?n_dragon_with_languages) WHERE {  ?creatures <http://www.semanticweb.org/annab/ontologies/2022/3/ontology#hasLanguages> <http://www.semanticweb.org/annab/ontologies/2022/3/ontology#DraconicL>; <http://www.semanticweb.org/annab/ontologies/2022/3/ontology#hasLanguages> <http://www.semanticweb.org/annab/ontologies/2022/3/ontology#CommonL> BIND(str(?creatures) as ?dragon_with_languages) FILTER regex(?dragon_with_languages,'dragon', 'i')}} }",what percentage of dragons do speak both draconic and common languages?,What percentage of dragons have both Draconic and Common languages?,MISTRAL_BASIC1,mistralai/Mistral-7B-Instruct-v0.2,False,0.9667438864707947,0.9690495133399963,0.9644491672515869
SELECT ?top5_languages WHERE { ?creatures <http://www.semanticweb.org/annab/ontologies/2022/3/ontology#hasLanguages> ?top5_languages } GROUP BY ?top5_languages ORDER BY DESC (COUNT(?top5_languages)) LIMIT 5,what are the top-5 languages by popularity among creatures?,Which are the top 5 most common languages for creatures?,MISTRAL_BASIC1,mistralai/Mistral-7B-Instruct-v0.2,False,0.9657989144325256,0.9628625512123108,0.9687531590461731
"SELECT (if(AVG(?drag_n_lang)>AVG(?dem_n_lang), 'True', 'False') as ?res) WHERE { {SELECT (COUNT(?language_1) as ?drag_n_lang)  WHERE {   ?creatures_1 <http://www.w3.org/1999/02/22-rdf-syntax-ns#type> <http://www.semanticweb.org/annab/ontologies/2022/3/ontology#Beast>;  <http://www.semanticweb.org/annab/ontologies/2022/3/ontology#hasLanguages> ?language_1  FILTER regex(str(?creatures_1),'dragon', 'i')} GROUP BY ?creatures_1} {SELECT (COUNT(?language_2) as ?dem_n_lang)  WHERE {   ?creatures_2 <http://www.w3.org/1999/02/22-rdf-syntax-ns#type> <http://www.semanticweb.org/annab/ontologies/2022/3/ontology#Beast>;  <http://www.semanticweb.org/annab/ontologies/2022/3/ontology#hasLanguages> ?language_2  FILTER regex(str(?creatures_2),'demon', 'i')} GROUP BY ?creatures_2} }",do dragons in average speak more languages than demons?,Do dragons have more languages on average than demons?,MISTRAL_BASIC1,mistralai/Mistral-7B-Instruct-v0.2,False,0.9618334174156189,0.9585967659950256,0.9650920629501343
SELECT ?creatures WHERE { ?creatures <http://www.semanticweb.org/annab/ontologies/2022/3/ontology#hasLanguages> <http://www.semanticweb.org/annab/ontologies/2022/3/ontology#CommonL>; <http://www.semanticweb.org/annab/ontologies/2022/3/ontology#hasLanguages> <http://www.semanticweb.org/annab/ontologies/2022/3/ontology#UndercommonL> },what creatures do speak both common and undercommon languages?,Which creatures have both Common and Undercommon languages?,MISTRAL_BASIC1,mistralai/Mistral-7B-Instruct-v0.2,False,0.9581043720245361,0.9521020650863647,0.9641827344894409
SELECT (COUNT(?creatures) as ?n_creatures) WHERE { ?creatures <http://www.semanticweb.org/annab/ontologies/2022/3/ontology#hasLanguages> <http://www.semanticweb.org/annab/ontologies/2022/3/ontology#AbyssalL>; <http://www.semanticweb.org/annab/ontologies/2022/3/ontology#hasLanguages> <http://www.semanticweb.org/annab/ontologies/2022/3/ontology#SylvanL>; <http://www.semanticweb.org/annab/ontologies/2022/3/ontology#hasLanguages> <http://www.semanticweb.org/annab/ontologies/2022/3/ontology#ElvenL> },"how many creatures do speak all three languages: abyssal, sylvan and elven?","How many creatures have the languages Abyssal, Sylvan, and Elven?",MISTRAL_BASIC1,mistralai/Mistral-7B-Instruct-v0.2,False,0.9576984643936157,0.956675112247467,0.9587240219116211
"SELECT (if(?n_zombies_1+?n_zombies_2 > 0, 'True', 'False') as ?res) WHERE {    {SELECT (COUNT(?creatures_1) as ?n_zombies_1) WHERE {  ?creatures_1 <http://www.semanticweb.org/annab/ontologies/2022/3/ontology#hasAlignment> <http://www.semanticweb.org/annab/ontologies/2022/3/ontology#chaoticEvil>.   FILTER (regex(str(?creatures_1), 'zombie', 'i' ))}} {SELECT (COUNT(?creatures_2) as ?n_zombies_2) WHERE {  ?creatures_2 <http://www.semanticweb.org/annab/ontologies/2022/3/ontology#hasAlignment> <http://www.semanticweb.org/annab/ontologies/2022/3/ontology#chaoticNeutral>.   FILTER (regex(str(?creatures_2), 'zombie', 'i' ))}} }",is there any type of zombie with chaotic evil or chaotic neutral alignment?,Do more chaotic evil zombies exist than chaotic neutral zombies?,MISTRAL_BASIC1,mistralai/Mistral-7B-Instruct-v0.2,False,0.9663428068161011,0.9644655585289001,0.9682273864746094
"SELECT (if((COUNT(?trox_lang) > COUNT(?sunlord_lang)), 'True', 'False') as ?res)   WHERE {   <http://www.semanticweb.org/annab/ontologies/2022/3/ontology#Trox> <http://www.semanticweb.org/annab/ontologies/2022/3/ontology#hasLanguages> ?trox_lang.  <http://www.semanticweb.org/annab/ontologies/2022/3/ontology#Sunlord> <http://www.semanticweb.org/annab/ontologies/2022/3/ontology#hasLanguages> ?sunlord_lang}",does Trox speak more languages than Sunlord?,Does the Trox species have more languages than the Sunlord species?,MISTRAL_BASIC1,mistralai/Mistral-7B-Instruct-v0.2,False,0.9681454300880432,0.9672612547874451,0.9690312147140503
ASK WHERE {  <http://www.semanticweb.org/annab/ontologies/2022/3/ontology#Einherji> <http://www.semanticweb.org/annab/ontologies/2022/3/ontology#hasLanguages> ?common_language.  <http://www.semanticweb.org/annab/ontologies/2022/3/ontology#Balor> <http://www.semanticweb.org/annab/ontologies/2022/3/ontology#hasLanguages> ?common_language },does Einherji and Balor have any common language?,Do Einherji and Balor share a common language?,MISTRAL_BASIC1,mistralai/Mistral-7B-Instruct-v0.2,False,0.955995500087738,0.9439911246299744,0.9683090448379517
SELECT (COUNT(?creatures) as ?n_creatures) WHERE {  ?creatures <http://www.semanticweb.org/annab/ontologies/2022/3/ontology#hasAlignment> <http://www.semanticweb.org/annab/ontologies/2022/3/ontology#lawfulNeutral>.  ?creatures <http://www.semanticweb.org/annab/ontologies/2022/3/ontology#hasLanguages> <http://www.semanticweb.org/annab/ontologies/2022/3/ontology#GiantL>},how many beasts with lawful neutral alignment can speak giant language?,How many lawful neutral giants are there?,MISTRAL_BASIC1,mistralai/Mistral-7B-Instruct-v0.2,False,0.9565624594688416,0.9571927189826965,0.9559330344200134
"SELECT ?ogres  WHERE {   ?ogres <http://www.semanticweb.org/annab/ontologies/2022/3/ontology#hasLanguages> <http://www.semanticweb.org/annab/ontologies/2022/3/ontology#CommonL>;  <http://www.semanticweb.org/annab/ontologies/2022/3/ontology#hasAlignment> <http://www.semanticweb.org/annab/ontologies/2022/3/ontology#lawfulEvil>  FILTER regex(str(?ogres), 'ogre', 'i') }",which ogres with lawful evil alignment can speak common language?,How many ogres are lawful evil?,MISTRAL_BASIC1,mistralai/Mistral-7B-Instruct-v0.2,False,0.9688176512718201,0.9691514372825623,0.9684841632843018
"SELECT ?Alignment  WHERE {  ?spiders <http://www.w3.org/1999/02/22-rdf-syntax-ns#type> <http://www.semanticweb.org/annab/ontologies/2022/3/ontology#Beast>; <http://www.semanticweb.org/annab/ontologies/2022/3/ontology#hasAlignment> ?Alignment FILTER regex(str(?spiders), 'spider', 'i') } GROUP BY ?Alignment ORDER BY DESC(COUNT(?Alignment)) OFFSET 1 LIMIT 1",what is the second most common alignment type for spiders?,Which is the second most common alignment for spiders?,MISTRAL_BASIC1,mistralai/Mistral-7B-Instruct-v0.2,False,0.9703844785690308,0.9705958366394043,0.9701732993125916
"SELECT ?Alignment WHERE {  ?elementals <http://www.w3.org/1999/02/22-rdf-syntax-ns#type> <http://www.semanticweb.org/annab/ontologies/2022/3/ontology#Beast>; <http://www.semanticweb.org/annab/ontologies/2022/3/ontology#hasAlignment> ?Alignment FILTER regex(str(?elementals), 'elemental', 'i') } GROUP BY ?Alignment ORDER BY DESC(COUNT(?Alignment)) LIMIT 1",what alignment type is the most common for elementals?,Which alignment is the most common for elementals?,MISTRAL_BASIC1,mistralai/Mistral-7B-Instruct-v0.2,False,0.9628744125366211,0.960827648639679,0.9649299383163452
SELECT ?Alignment  WHERE {   ?creatures <http://www.semanticweb.org/annab/ontologies/2022/3/ontology#hasLanguages> <http://www.semanticweb.org/annab/ontologies/2022/3/ontology#AuranL>;  <http://www.semanticweb.org/annab/ontologies/2022/3/ontology#hasAlignment> ?Alignment}  GROUP BY ?Alignment  ORDER BY ASC(COUNT(?Alignment))  LIMIT 1 ,what alignment type is the rarest for creatures speaking auran language?,Which is the most common alignment for creatures that speak Auran?,MISTRAL_BASIC1,mistralai/Mistral-7B-Instruct-v0.2,False,0.9662494659423828,0.9737702012062073,0.9588439464569092
"SELECT (if((?raven_alignment = ?ghoul_alignment), 'True', 'False') as ?res) WHERE {   <http://www.semanticweb.org/annab/ontologies/2022/3/ontology#Raven> <http://www.semanticweb.org/annab/ontologies/2022/3/ontology#hasAlignment> ?raven_alignment.  <http://www.semanticweb.org/annab/ontologies/2022/3/ontology#Ghoul> <http://www.semanticweb.org/annab/ontologies/2022/3/ontology#hasAlignment> ?ghoul_alignment  }",do raven and ghoul have the same alignment?,Do ravens and ghouls have the same alignment?,MISTRAL_BASIC1,mistralai/Mistral-7B-Instruct-v0.2,False,0.9530714750289917,0.9493103623390198,0.9568625092506409
"SELECT ((?n_chaotic_wolves/?n_wolves)*100 as ?res) WHERE {   {SELECT (COUNT(?wolves) as ?n_wolves) WHERE { ?wolves <http://www.w3.org/1999/02/22-rdf-syntax-ns#type> <http://www.semanticweb.org/annab/ontologies/2022/3/ontology#Beast> FILTER regex(str(?wolves), 'wolf', 'i') }} {SELECT (COUNT(?chaotic_wolves) as ?n_chaotic_wolves) WHERE { ?chaotic_wolves <http://www.semanticweb.org/annab/ontologies/2022/3/ontology#hasAlignment> ?Alignment FILTER regex(str(?chaotic_wolves), 'wolf', 'i') FILTER regex(str(?Alignment), 'chaotic', 'i') }} }",what percentage of wolves does have chaotic alignment?,What percentage of wolves are chaotic?,MISTRAL_BASIC1,mistralai/Mistral-7B-Instruct-v0.2,False,0.9667127132415771,0.9694609045982361,0.9639800786972046
"SELECT ((?n_aquan_angels/?n_angels)*100 as ?res) WHERE {   {SELECT (COUNT(?angels) as ?n_angels) WHERE { ?angels <http://www.w3.org/1999/02/22-rdf-syntax-ns#type> <http://www.semanticweb.org/annab/ontologies/2022/3/ontology#Beast> FILTER regex(str(?angels), 'angel', 'i') }} {SELECT (COUNT(?aquan_angels) as ?n_aquan_angels) WHERE { ?aquan_angels <http://www.semanticweb.org/annab/ontologies/2022/3/ontology#hasLanguages> <http://www.semanticweb.org/annab/ontologies/2022/3/ontology#AquanL> FILTER regex(str(?aquan_angels), 'angel', 'i') }} }",what percentage of angels does speak aquan language?,What percentage of angels are Aquan angels?,MISTRAL_BASIC1,mistralai/Mistral-7B-Instruct-v0.2,False,0.9685031175613403,0.9726412892341614,0.9644001722335815
SELECT (AVG(?n_languages) as ?res) WHERE { SELECT (COUNT(?language) as ?n_languages) WHERE { ?creatures <http://www.w3.org/1999/02/22-rdf-syntax-ns#type> <http://www.semanticweb.org/annab/ontologies/2022/3/ontology#Beast>; <http://www.semanticweb.org/annab/ontologies/2022/3/ontology#hasLanguages> ?language } GROUP BY ?creatures },what is an average number of languages for creatures?,What is the average number of languages spoken by all creatures?,MISTRAL_BASIC1,mistralai/Mistral-7B-Instruct-v0.2,False,0.9654881358146667,0.9662822484970093,0.9646952152252197
SELECT (MAX(?values) as ?max_value) WHERE { ?off_attr <http://www.w3.org/2000/01/rdf-schema#subPropertyOf> <http://www.semanticweb.org/annab/ontologies/2022/3/ontology#offValues>; <http://www.w3.org/2000/01/rdf-schema#range> ?data_type. FILTER(?data_type != xsd:boolean) ?creatures ?off_attr ?values },what is the maximum value for the numerical offensive attribute?,What is the maximum value of a non-boolean attribute of creatures?,MISTRAL_BASIC1,mistralai/Mistral-7B-Instruct-v0.2,False,0.9613328576087952,0.9617325663566589,0.9609333276748657
"SELECT (if(?speed_1 > ?speed_2, 'True', 'False') as ?res) WHERE {<http://www.semanticweb.org/annab/ontologies/2022/3/ontology#Sangudaemon> <http://www.semanticweb.org/annab/ontologies/2022/3/ontology#hasSpeedValue> ?speed_1. <http://www.semanticweb.org/annab/ontologies/2022/3/ontology#Eblis> <http://www.semanticweb.org/annab/ontologies/2022/3/ontology#hasSpeedValue> ?speed_2 }",is Sangudaemon faster than Eblis?,Is the speed of Sangudaemon greater than the speed of Eblis?,MISTRAL_BASIC1,mistralai/Mistral-7B-Instruct-v0.2,False,0.9659546613693237,0.9652245044708252,0.9666858315467834
"SELECT (AVG(?speed) as ?res) WHERE { ?spiders <http://www.w3.org/1999/02/22-rdf-syntax-ns#type> <http://www.semanticweb.org/annab/ontologies/2022/3/ontology#Beast>; <http://www.semanticweb.org/annab/ontologies/2022/3/ontology#hasSpeedValue> ?speed FILTER regex(str(?spiders), 'spider', 'i') }",what is the mean speed value for spiders?,What is the average speed of all spiders?,MISTRAL_BASIC1,mistralai/Mistral-7B-Instruct-v0.2,False,0.9719142317771912,0.9728745222091675,0.9709557890892029
SELECT ?creatures WHERE { ?creatures <http://www.semanticweb.org/annab/ontologies/2022/3/ontology#hasAlignment> <http://www.semanticweb.org/annab/ontologies/2022/3/ontology#chaoticEvil>; <http://www.semanticweb.org/annab/ontologies/2022/3/ontology#hasSpeedValue> ?speed } ORDER BY DESC(?speed) LIMIT 5,what are top 5 by speed chaotic evil creatures?,Which are the five fastest chaotic evil creatures?,MISTRAL_BASIC1,mistralai/Mistral-7B-Instruct-v0.2,False,0.958098292350769,0.9641605019569397,0.9521117210388184
SELECT ?creatures WHERE { ?creatures <http://www.semanticweb.org/annab/ontologies/2022/3/ontology#hasLanguages> <http://www.semanticweb.org/annab/ontologies/2022/3/ontology#SphinxL>; <http://www.semanticweb.org/annab/ontologies/2022/3/ontology#hasSpeedValue> ?speed } GROUP BY ?speed HAVING(?speed > 20),what are creatures speaking sphinx language with speed value more than 20?,Which Sphinxes have a speed greater than 20?,MISTRAL_BASIC1,mistralai/Mistral-7B-Instruct-v0.2,False,0.9628317952156067,0.9679874777793884,0.957730770111084
SELECT DISTINCT ?HP WHERE { ?creatures <http://www.w3.org/1999/02/22-rdf-syntax-ns#type> <http://www.semanticweb.org/annab/ontologies/2022/3/ontology#Beast>; <http://www.semanticweb.org/annab/ontologies/2022/3/ontology#hasLevel> ?level; <http://www.semanticweb.org/annab/ontologies/2022/3/ontology#hasHPValue> ?HP } GROUP BY ?level HAVING (?level = MIN(?level)),what values of health points are related to creatures with the lowest level?,What is the lowest health point value of a creature?,MISTRAL_BASIC1,mistralai/Mistral-7B-Instruct-v0.2,False,0.9712662696838379,0.9675376415252686,0.9750237464904785
SELECT (MAX(?HP) as ?max_HP)  WHERE {  ?creatures <http://www.semanticweb.org/annab/ontologies/2022/3/ontology#hasAlignment> <http://www.semanticweb.org/annab/ontologies/2022/3/ontology#chaoticGood>;  <http://www.semanticweb.org/annab/ontologies/2022/3/ontology#hasHPValue> ?HP },what is the maximum value of health point for creatures with chaotic good alignment?,What is the maximum hit points for a chaotic good creature?,MISTRAL_BASIC1,mistralai/Mistral-7B-Instruct-v0.2,False,0.9619420766830444,0.965729832649231,0.9581839442253113
SELECT DISTINCT ?XP WHERE {  ?creatures <http://www.w3.org/1999/02/22-rdf-syntax-ns#type> <http://www.semanticweb.org/annab/ontologies/2022/3/ontology#Beast>;  <http://www.semanticweb.org/annab/ontologies/2022/3/ontology#hasLevel> ?level;  <http://www.semanticweb.org/annab/ontologies/2022/3/ontology#hasXPValue> ?XP  }  GROUP BY ?level  HAVING (?level = MAX(?level)),what values of experience points are related to creatures with the highest level?,Which creature has the highest XP value?,MISTRAL_BASIC1,mistralai/Mistral-7B-Instruct-v0.2,False,0.9608799815177917,0.9574673771858215,0.9643169045448303
SELECT (AVG(?CR) as ?avg_CR)  WHERE {   ?creatures <http://www.semanticweb.org/annab/ontologies/2022/3/ontology#hasLanguages> <http://www.semanticweb.org/annab/ontologies/2022/3/ontology#CelestialL>;   <http://www.semanticweb.org/annab/ontologies/2022/3/ontology#hasCRValue> ?CR},what is the average challenge rating for creatures speaking celestial language?,What is the average challenge rating of creatures that speak Celestial?,MISTRAL_BASIC1,mistralai/Mistral-7B-Instruct-v0.2,False,0.9770128726959229,0.974524974822998,0.9795134663581848
"SELECT ?elementals  WHERE {  ?elementals <http://www.w3.org/1999/02/22-rdf-syntax-ns#type> <http://www.semanticweb.org/annab/ontologies/2022/3/ontology#Beast>; <http://www.semanticweb.org/annab/ontologies/2022/3/ontology#hasCRValue> ?CR  FILTER regex(str(?elementals), 'elemental', 'i') }  GROUP BY ?CR HAVING (?CR> 10)",which elemental creatures do have a challenge rating more than 10?,Which elementals have a CR value greater than 10?,MISTRAL_BASIC1,mistralai/Mistral-7B-Instruct-v0.2,False,0.9658944010734558,0.9664720296859741,0.96531742811203
SELECT ?creatures   WHERE {   ?creatures <http://www.semanticweb.org/annab/ontologies/2022/3/ontology#hasLanguages> <http://www.semanticweb.org/annab/ontologies/2022/3/ontology#TerranL>;  <http://www.semanticweb.org/annab/ontologies/2022/3/ontology#hasInitValue> ?Init}   GROUP BY ?Init  HAVING (?Init > 2 && ?Init < 5),what creatures speaking terran language do have an initiative value more than 2 and less than 5?,Which Terran creatures have an initial value between 3 and 4?,MISTRAL_BASIC1,mistralai/Mistral-7B-Instruct-v0.2,False,0.970307469367981,0.9744150638580322,0.9662343263626099
SELECT (MIN(?Init) as ?min_Init)  WHERE {   ?creatures <http://www.semanticweb.org/annab/ontologies/2022/3/ontology#hasAlignment> <http://www.semanticweb.org/annab/ontologies/2022/3/ontology#trueNeutral>;  <http://www.semanticweb.org/annab/ontologies/2022/3/ontology#hasInitValue> ?Init   FILTER (?Init >= 0) },what is the minimum non-negative initiative value for creatures with true neutral alignment?,What is the minimum initial alignment value for all true neutral creatures?,MISTRAL_BASIC1,mistralai/Mistral-7B-Instruct-v0.2,False,0.9662793874740601,0.9676978588104248,0.9648650884628296
"SELECT ?golems WHERE {  ?golems <http://www.w3.org/1999/02/22-rdf-syntax-ns#type> <http://www.semanticweb.org/annab/ontologies/2022/3/ontology#Beast>; <http://www.semanticweb.org/annab/ontologies/2022/3/ontology#hasXPValue> ?XP  FILTER regex(str(?golems), 'golem', 'i') }  ORDER BY DESC(?XP) LIMIT 3",what are top 3 golem types by experience points?,Which golems have the highest experience points?,MISTRAL_BASIC1,mistralai/Mistral-7B-Instruct-v0.2,False,0.9687680602073669,0.9669029712677002,0.9706403017044067
"SELECT (if ((?n_greater/?n_base_attr) > 0.5, 'True', 'False') as ?res) WHERE {  {SELECT (COUNT(?comp) as ?n_greater)   WHERE { ?base_attr rdfs:subPropertyOf <http://www.semanticweb.org/annab/ontologies/2022/3/ontology#base>. <http://www.semanticweb.org/annab/ontologies/2022/3/ontology#Abaia> ?base_attr ?ab_attr. <http://www.semanticweb.org/annab/ontologies/2022/3/ontology#Vampire> ?base_attr ?vamp_attr. BIND(if ((?ab_attr > ?vamp_attr), 1, 0) as ?comp) FILTER (?comp = 1)}} {SELECT (COUNT(?base_attr) as ?n_base_attr)  WHERE{?base_attr <http://www.w3.org/2000/01/rdf-schema#subPropertyOf> <http://www.semanticweb.org/annab/ontologies/2022/3/ontology#base>.}} }",is Abaia superior to vampires in terms of base attributes?,Is more than half of the vampire attributes greater than the corresponding base attributes?,MISTRAL_BASIC1,mistralai/Mistral-7B-Instruct-v0.2,False,0.9669181704521179,0.9709635972976685,0.9629063606262207
"SELECT (if ((AVG(?dham_attr) > AVG(?gorg_attr)), 'True', 'False') as ?res) WHERE { ?base_attr <http://www.w3.org/2000/01/rdf-schema#subPropertyOf> <http://www.semanticweb.org/annab/ontologies/2022/3/ontology#base>. <http://www.semanticweb.org/annab/ontologies/2022/3/ontology#Dhampir> ?base_attr ?dham_attr. <http://www.semanticweb.org/annab/ontologies/2022/3/ontology#Gorgon> ?base_attr ?gorg_attr. }",is Dhampir superior to Gorgon in terms of mean base attributes?,Do Dhampirs have a higher average attribute value than Gorgons?,MISTRAL_BASIC1,mistralai/Mistral-7B-Instruct-v0.2,False,0.9596429467201233,0.9606189131736755,0.9586688280105591
"SELECT (if ((?n_greater/?n_def_attr) > 0.5, 'True', 'False') as ?res) WHERE {  {SELECT (COUNT(?comp) as ?n_greater)   WHERE { ?def_attr <http://www.w3.org/2000/01/rdf-schema#subPropertyOf> <http://www.semanticweb.org/annab/ontologies/2022/3/ontology#defValues>. <http://www.semanticweb.org/annab/ontologies/2022/3/ontology#Boggard> ?def_attr ?bog_attr. <http://www.semanticweb.org/annab/ontologies/2022/3/ontology#Selkie> ?def_attr ?selk_attr. BIND(if (?bog_attr > ?selk_attr, 1, 0) as ?comp) FILTER (?comp = 1)}} {SELECT (COUNT(?def_attr) as ?n_def_attr)  WHERE{?def_attr <http://www.w3.org/2000/01/rdf-schema#subPropertyOf> <http://www.semanticweb.org/annab/ontologies/2022/3/ontology#defValues>.}} }",is Boggard superior to Selkie in terms of deffencive attributes?,Is the average number of greater values for the Boggard property greater than the average number of greater values for the Selkie property?,MISTRAL_BASIC1,mistralai/Mistral-7B-Instruct-v0.2,False,0.9555206894874573,0.9527363777160645,0.9583213329315186
"SELECT (if ((AVG(?cent_attr) > AVG(?med_attr)), 'True', 'False') as ?res) WHERE { ?def_attr <http://www.w3.org/2000/01/rdf-schema#subPropertyOf> <http://www.semanticweb.org/annab/ontologies/2022/3/ontology#defValues>. <http://www.semanticweb.org/annab/ontologies/2022/3/ontology#Centaur> ?def_attr ?cent_attr. <http://www.semanticweb.org/annab/ontologies/2022/3/ontology#Medusa> ?def_attr ?med_attr.}",is Centaur superior to Medusa in terms of mean defensive attributes?,Do centaurs have a higher average attribute value than medusas?,MISTRAL_BASIC1,mistralai/Mistral-7B-Instruct-v0.2,False,0.959442675113678,0.959312379360199,0.959572970867157
"SELECT (if ((SUM(?bicl_stats) > SUM(?mast_stats)), 'True', 'False') as ?res) WHERE { ?stats <http://www.w3.org/2000/01/rdf-schema#subPropertyOf> <http://www.semanticweb.org/annab/ontologies/2022/3/ontology#statistics>. <http://www.semanticweb.org/annab/ontologies/2022/3/ontology#Biclops> ?stats ?bicl_stats. <http://www.semanticweb.org/annab/ontologies/2022/3/ontology#Mastodon> ?stats ?mast_stats. }",is Biclops superior to Mastodon in terms of statistics sum?,Do Biclops have more statistics than Mastodons?,MISTRAL_BASIC1,mistralai/Mistral-7B-Instruct-v0.2,False,0.9511457085609436,0.950138509273529,0.9521550536155701
"SELECT (if ((AVG(?satyr_stats) > AVG(?cacd_stats)), 'True', 'False') as ?res) WHERE { ?stats <http://www.w3.org/2000/01/rdf-schema#subPropertyOf> <http://www.semanticweb.org/annab/ontologies/2022/3/ontology#statistics>. <http://www.semanticweb.org/annab/ontologies/2022/3/ontology#Satyr> ?stats ?satyr_stats. <http://www.semanticweb.org/annab/ontologies/2022/3/ontology#Cacodaemon> ?stats ?cacd_stats. }",is Satyr superior to Cacodaemon in terms of mean statistics?,Do satyrs have a higher average statistic value than cacodemons?,MISTRAL_BASIC1,mistralai/Mistral-7B-Instruct-v0.2,False,0.957709550857544,0.9600409269332886,0.9553894996643066
"SELECT ?stats  WHERE {  ?golems <http://www.w3.org/1999/02/22-rdf-syntax-ns#type> <http://www.semanticweb.org/annab/ontologies/2022/3/ontology#Beast>.  ?stats <http://www.w3.org/2000/01/rdf-schema#subPropertyOf> <http://www.semanticweb.org/annab/ontologies/2022/3/ontology#statistics>.  FILTER regex(str(?golems), 'golem', 'i')  ?golems ?stats ?golem_stats.  } GROUP BY ?stats ORDER BY DESC(AVG(?golem_stats)) LIMIT 1",what is the dominant statistics for golems in average?,Which golem has the highest average statistics?,MISTRAL_BASIC1,mistralai/Mistral-7B-Instruct-v0.2,False,0.9637401103973389,0.965528130531311,0.9619585871696472
"SELECT ?stats WHERE { ?wolfes <http://www.w3.org/1999/02/22-rdf-syntax-ns#type> <http://www.semanticweb.org/annab/ontologies/2022/3/ontology#Beast>. ?stats <http://www.w3.org/2000/01/rdf-schema#subPropertyOf> <http://www.semanticweb.org/annab/ontologies/2022/3/ontology#statistics>. FILTER regex(str(?wolfes), 'wolf', 'i') ?wolfes ?stats ?wolf_stats } GROUP BY ?stats ORDER by ASC(AVG(?wolf_stats)) LIMIT 1",what is the lowest statistics in average for wolves?,Which is the average number of wolves in a pack?,MISTRAL_BASIC1,mistralai/Mistral-7B-Instruct-v0.2,False,0.9575355648994446,0.9568499326705933,0.9582221508026123
"SELECT ?def_attr  WHERE {  ?ogres <http://www.w3.org/1999/02/22-rdf-syntax-ns#type> <http://www.semanticweb.org/annab/ontologies/2022/3/ontology#Beast>.  ?def_attr <http://www.w3.org/2000/01/rdf-schema#subPropertyOf> <http://www.semanticweb.org/annab/ontologies/2022/3/ontology#defValues>.  FILTER regex(str(?ogres), 'ogre', 'i')  ?ogres ?def_attr ?ogres_def_attr.  } GROUP BY ?def_attr ORDER BY DESC(AVG(?ogres_def_attr)) LIMIT 1",what is the lowest defensive attribute for ogres in average?,Which is the most common attribute for ogres?,MISTRAL_BASIC1,mistralai/Mistral-7B-Instruct-v0.2,False,0.9666087031364441,0.962443470954895,0.9708101749420166
"SELECT (if(COUNT(DISTINCT ?off_attr) > COUNT(DISTINCT ?def_attr), 'True', 'False') as ?res) WHERE {  ?off_attr <http://www.w3.org/2000/01/rdf-schema#subPropertyOf> <http://www.semanticweb.org/annab/ontologies/2022/3/ontology#offValues>.  ?def_attr <http://www.w3.org/2000/01/rdf-schema#subPropertyOf> <http://www.semanticweb.org/annab/ontologies/2022/3/ontology#defValues>.}",does creatures have more offencive attributes than defencive?,Do there exist more offensively-valued attributes than defensively-valued attributes?,MISTRAL_BASIC1,mistralai/Mistral-7B-Instruct-v0.2,False,0.9624682664871216,0.9565580487251282,0.9684520363807678
SELECT ?creatures WHERE {  {SELECT (MAX(?atk) as ?max_atk) WHERE{?creatures <http://www.semanticweb.org/annab/ontologies/2022/3/ontology#hasLanguages> <http://www.semanticweb.org/annab/ontologies/2022/3/ontology#AkloL>;  <http://www.semanticweb.org/annab/ontologies/2022/3/ontology#atk> ?atk}} ?creatures <http://www.semanticweb.org/annab/ontologies/2022/3/ontology#hasLanguages> <http://www.semanticweb.org/annab/ontologies/2022/3/ontology#AkloL>;  <http://www.semanticweb.org/annab/ontologies/2022/3/ontology#atk> ?atk  FILTER (?atk = ?max_atk)},which creatures speaking aklo language do have the maximum attack parameter?,Which creature has the highest attack power in the Aklo language?,MISTRAL_BASIC1,mistralai/Mistral-7B-Instruct-v0.2,False,0.9655802249908447,0.9581320881843567,0.9731450080871582
"SELECT (AVG(?atk) as ?avg_atk) WHERE {  ?robots <http://www.w3.org/1999/02/22-rdf-syntax-ns#type> <http://www.semanticweb.org/annab/ontologies/2022/3/ontology#Beast>;  <http://www.semanticweb.org/annab/ontologies/2022/3/ontology#atk> ?atk  FILTER regex(str(?robots), 'robot', 'i') }",what is the average attack parameter for robots?,What is the average attack power of all robots?,MISTRAL_BASIC1,mistralai/Mistral-7B-Instruct-v0.2,False,0.9579008221626282,0.9528601169586182,0.9629951119422913
SELECT (COUNT(?creatures) as ?n_creatures) WHERE {  ?creatures <http://www.semanticweb.org/annab/ontologies/2022/3/ontology#hasAlignment> <http://www.semanticweb.org/annab/ontologies/2022/3/ontology#neutralEvil>;  <http://www.semanticweb.org/annab/ontologies/2022/3/ontology#cmb> ?cmb  FILTER (?cmb < 4) },how many creatures with neutral evil alignment do have combat maneuver bonus less than 4?,How many creatures have a neutral-evil alignment and a combined alignment score below 4?,MISTRAL_BASIC1,mistralai/Mistral-7B-Instruct-v0.2,False,0.9657354354858398,0.9605013132095337,0.9710268378257751
SELECT (MIN(?cmb) as ?min_cmb) WHERE {  ?creatures <http://www.semanticweb.org/annab/ontologies/2022/3/ontology#hasLanguages> <http://www.semanticweb.org/annab/ontologies/2022/3/ontology#IgnanL>;  <http://www.semanticweb.org/annab/ontologies/2022/3/ontology#cmb> ?cmb},what is the minimum combat maneuver bonus for creatures speaking ignan language?,What is the minimum common base for creatures that speak Ignan?,MISTRAL_BASIC1,mistralai/Mistral-7B-Instruct-v0.2,False,0.9584081172943115,0.9602754712104797,0.9565480947494507
"SELECT (COUNT(?demons) as ?n_demons) WHERE {  {SELECT (AVG(?cmd) as ?avg_cmd) WHERE { ?creatures <http://www.semanticweb.org/annab/ontologies/2022/3/ontology#cmd> ?cmd  }} ?demons <http://www.w3.org/1999/02/22-rdf-syntax-ns#type> <http://www.semanticweb.org/annab/ontologies/2022/3/ontology#Beast>;  <http://www.semanticweb.org/annab/ontologies/2022/3/ontology#cmd> ?cmd  FILTER regex(str(?demons), 'demon', 'i') FILTER (?cmd > ?avg_cmd) }",how many demons do have combat maneuver defense level greater than the average for all creatures?,How many demons have a higher command than the average command of all creatures?,MISTRAL_BASIC1,mistralai/Mistral-7B-Instruct-v0.2,False,0.9629454612731934,0.9646890163421631,0.9612082242965698
SELECT (MAX(?cmd) as ?max_cmd) WHERE {  ?creatures <http://www.semanticweb.org/annab/ontologies/2022/3/ontology#hasAlignment> <http://www.semanticweb.org/annab/ontologies/2022/3/ontology#neutralGood>;  <http://www.semanticweb.org/annab/ontologies/2022/3/ontology#cmd> ?cmd},what is the maximum combat maneuver defense level for creatures with neutral good alignment?,What is the highest command rank for a good neutral creature?,MISTRAL_BASIC1,mistralai/Mistral-7B-Instruct-v0.2,False,0.9584751129150391,0.959136962890625,0.9578142166137695
SELECT ?creatures WHERE {  ?creatures <http://www.semanticweb.org/annab/ontologies/2022/3/ontology#hasLanguages> <http://www.semanticweb.org/annab/ontologies/2022/3/ontology#DwarvenL>;  <http://www.semanticweb.org/annab/ontologies/2022/3/ontology#hasACValue> ?AC_value FILTER (?AC_value > 12) },what creatures speaking dwarven language do have armor class greater than 12?,Which dwarves have an armor class higher than 12?,MISTRAL_BASIC1,mistralai/Mistral-7B-Instruct-v0.2,False,0.9680732488632202,0.962815523147583,0.9733888506889343
"SELECT (AVG(?AC_value) as ?avg_AC_value) WHERE { ?angels <http://www.w3.org/1999/02/22-rdf-syntax-ns#type> <http://www.semanticweb.org/annab/ontologies/2022/3/ontology#Beast>;  <http://www.semanticweb.org/annab/ontologies/2022/3/ontology#hasACValue> ?AC_value FILTER regex(str(?angels), 'angel', 'i') }",what is the average armor class for angels?,What is the average anger control value for all angels?,MISTRAL_BASIC1,mistralai/Mistral-7B-Instruct-v0.2,False,0.9605050683021545,0.9544328451156616,0.9666550159454346
SELECT (MIN(?FFValue ) as ?min_FFValue) WHERE {  ?creatures <http://www.semanticweb.org/annab/ontologies/2022/3/ontology#hasAlignment> <http://www.semanticweb.org/annab/ontologies/2022/3/ontology#lawfulGood>;  <http://www.semanticweb.org/annab/ontologies/2022/3/ontology#hasFlatFootedValue> ?FFValue},what is the minimum flat footed value for creatures with lawful good alignment?,What is the minimum flat-footed armor class for a lawful good creature?,MISTRAL_BASIC1,mistralai/Mistral-7B-Instruct-v0.2,False,0.9576988220214844,0.956216037273407,0.9591861367225647
"SELECT (COUNT(?trolls) as ?n_trolls) WHERE { ?trolls <http://www.w3.org/1999/02/22-rdf-syntax-ns#type> <http://www.semanticweb.org/annab/ontologies/2022/3/ontology#Beast>;  <http://www.semanticweb.org/annab/ontologies/2022/3/ontology#hasFlatFootedValue> ?FFValue FILTER regex(str(?trolls), 'troll', 'i') FILTER (?FFValue > 13 && ?FFValue < 18) }",how many trolls do have flat footed value between 13 and 18?,How many trolls are there in the game?,MISTRAL_BASIC1,mistralai/Mistral-7B-Instruct-v0.2,False,0.9628428220748901,0.9620439410209656,0.963642954826355
SELECT (MAX(?fort_value) as ?max_fort_value) WHERE {  ?creatures <http://www.semanticweb.org/annab/ontologies/2022/3/ontology#hasLanguages> <http://www.semanticweb.org/annab/ontologies/2022/3/ontology#GoblinL>;  <http://www.semanticweb.org/annab/ontologies/2022/3/ontology#hasFortValue> ?fort_value},what is the maximum fort value for creatures speaking goblin language?,What is the highest fort value for goblins?,MISTRAL_BASIC1,mistralai/Mistral-7B-Instruct-v0.2,False,0.9605110883712769,0.9598398208618164,0.9611833095550537
ASK WHERE {  ?creatures <http://www.semanticweb.org/annab/ontologies/2022/3/ontology#hasAlignment> <http://www.semanticweb.org/annab/ontologies/2022/3/ontology#trueNeutral>; <http://www.semanticweb.org/annab/ontologies/2022/3/ontology#hasFortValue> ?FortValue FILTER (?FortValue = '6'^^xsd:integer)},is there any creature with true neutral alignment with fort value equal to 6?,Do there exist any true neutral creatures with a Fortitude score of 6?,MISTRAL_BASIC1,mistralai/Mistral-7B-Instruct-v0.2,False,0.9562034010887146,0.9536650776863098,0.958755373954773
SELECT (AVG(?HP) as ?avg_HP) WHERE {  ?creatures <http://www.semanticweb.org/annab/ontologies/2022/3/ontology#hasLanguages> <http://www.semanticweb.org/annab/ontologies/2022/3/ontology#GnomeL>;  <http://www.semanticweb.org/annab/ontologies/2022/3/ontology#hasHPvalue> ?HP },what is the average number of health points for creatures speaking gnome language?,What is the average hit points of gnome creatures?,MISTRAL_BASIC1,mistralai/Mistral-7B-Instruct-v0.2,False,0.957106351852417,0.9543017745018005,0.9599275588989258
"SELECT (MIN(?HP) as ?min_HP) WHERE { ?dragons <http://www.w3.org/1999/02/22-rdf-syntax-ns#type> <http://www.semanticweb.org/annab/ontologies/2022/3/ontology#Beast>;  <http://www.semanticweb.org/annab/ontologies/2022/3/ontology#hasHPvalue> ?HP; <http://www.semanticweb.org/annab/ontologies/2022/3/ontology#str> ?str_attr FILTER regex(str(?dragons), 'dragon', 'i') FILTER (?str_attr > 10) }",what is the minimum number of health points for dragons with strenghts attribute more than 10?,What is the minimum HP value for all dragons with a strength attribute greater than 10?,MISTRAL_BASIC1,mistralai/Mistral-7B-Instruct-v0.2,False,0.9517571330070496,0.9539132118225098,0.9496108293533325
SELECT (COUNT(?creatures) as ?n_creatures) WHERE {  ?creatures <http://www.semanticweb.org/annab/ontologies/2022/3/ontology#hasLanguages> <http://www.semanticweb.org/annab/ontologies/2022/3/ontology#HalflingL>;  <http://www.semanticweb.org/annab/ontologies/2022/3/ontology#hasRefValue> ?Ref_value; <http://www.semanticweb.org/annab/ontologies/2022/3/ontology#atk> ?atk FILTER (?Ref_value > 10 && ?atk < 15) },how many creatures speaking halfling language do have ref value more than 10 and atack parameter less than 15?,How many halflings have an attack value below 15 and a reference value greater than 10?,MISTRAL_BASIC1,mistralai/Mistral-7B-Instruct-v0.2,False,0.9623672366142273,0.9571375250816345,0.9676544666290283
SELECT ?creatures WHERE { {SELECT (MAX(?RefValue) as ?max_RefValue) WHERE{?creatures <http://www.semanticweb.org/annab/ontologies/2022/3/ontology#hasAlignment> <http://www.semanticweb.org/annab/ontologies/2022/3/ontology#chaoticEvil>; <http://www.semanticweb.org/annab/ontologies/2022/3/ontology#hasRefValue> ?RefValue}}?creatures <http://www.semanticweb.org/annab/ontologies/2022/3/ontology#hasAlignment> <http://www.semanticweb.org/annab/ontologies/2022/3/ontology#chaoticEvil>; <http://www.semanticweb.org/annab/ontologies/2022/3/ontology#hasRefValue> ?RefValue FILTER(?RefValue = ?max_RefValue)},what creatures with chaotic evil alignment do have the maximum ref value?,Which creature has the highest chaotic evil alignment?,MISTRAL_BASIC1,mistralai/Mistral-7B-Instruct-v0.2,False,0.9693546295166016,0.9725916981697083,0.9661391973495483
"ASK WHERE { ?spiders <http://www.w3.org/1999/02/22-rdf-syntax-ns#type> <http://www.semanticweb.org/annab/ontologies/2022/3/ontology#Beast>;  <http://www.semanticweb.org/annab/ontologies/2022/3/ontology#hasTouchValue> ?touch_value FILTER regex(str(?spiders), 'spider', 'i') FILTER (?touch_value = 11) }",is there any spider type with touch value equal to 11?,Is there a spider with a touch sensitivity of 11?,MISTRAL_BASIC1,mistralai/Mistral-7B-Instruct-v0.2,False,0.9480983018875122,0.9465758800506592,0.9496256113052368
SELECT (MIN(?touch_value) as ?min_touch_value) WHERE {  ?creatures <http://www.semanticweb.org/annab/ontologies/2022/3/ontology#hasLanguages> <http://www.semanticweb.org/annab/ontologies/2022/3/ontology#DruidicL>;  <http://www.semanticweb.org/annab/ontologies/2022/3/ontology#hasTouchValue> ?touch_value; <http://www.semanticweb.org/annab/ontologies/2022/3/ontology#hasInitValue> ?init FILTER (?init < 2) },what is the minimum touch value for creatures speaking druidic language with initiative value less than 2?,What is the minimum touch value for a creature that knows Druidic?,MISTRAL_BASIC1,mistralai/Mistral-7B-Instruct-v0.2,False,0.9587374925613403,0.952947735786438,0.9645978808403015
SELECT ((COUNT(?creatures)/?n_creatures)*100 as ?creatures_perc) WHERE {  {SELECT (COUNT(?creatures) as ?n_creatures) WHERE { ?creatures <http://www.semanticweb.org/annab/ontologies/2022/3/ontology#hasAlignment> <http://www.semanticweb.org/annab/ontologies/2022/3/ontology#neutralEvil>}} ?creatures <http://www.semanticweb.org/annab/ontologies/2022/3/ontology#hasAlignment> <http://www.semanticweb.org/annab/ontologies/2022/3/ontology#neutralEvil>;  <http://www.semanticweb.org/annab/ontologies/2022/3/ontology#hasWillValue> ?will_value  FILTER (?will_value  < 1) },what percentage of creatures with neutral evil alignment do have will value less than 1?,What percentage of neutral evil creatures have a will lower than 1?,MISTRAL_BASIC1,mistralai/Mistral-7B-Instruct-v0.2,False,0.9706382155418396,0.96790611743927,0.9733858108520508
SELECT (AVG(?will_value) as ?avg_will_value) WHERE {  ?creatures <http://www.semanticweb.org/annab/ontologies/2022/3/ontology#hasLanguages> <http://www.semanticweb.org/annab/ontologies/2022/3/ontology#OrcL>;  <http://www.semanticweb.org/annab/ontologies/2022/3/ontology#hasWillValue> ?will_value  },what is the average will value for creatures speaking orc language?,What is the average will value of Orcs?,MISTRAL_BASIC1,mistralai/Mistral-7B-Instruct-v0.2,False,0.959953784942627,0.9577237367630005,0.9621942043304443
"SELECT ?zombies WHERE { ?zombies <http://www.w3.org/1999/02/22-rdf-syntax-ns#type> <http://www.semanticweb.org/annab/ontologies/2022/3/ontology#Beast>;  <http://www.semanticweb.org/annab/ontologies/2022/3/ontology#cha> ?cha FILTER regex(str(?zombies), 'zombie', 'i') FILTER (?cha > 3 && ?cha < 7) }",what types of zombies do have charisma attribute between 3 and 7?,How many zombies have a strength between 4 and 6?,MISTRAL_BASIC1,mistralai/Mistral-7B-Instruct-v0.2,False,0.9553118944168091,0.9574384689331055,0.953194797039032
SELECT (COUNT(?creatures) as ?n_creatures) WHERE {  ?creatures <http://www.semanticweb.org/annab/ontologies/2022/3/ontology#hasLanguages> <http://www.semanticweb.org/annab/ontologies/2022/3/ontology#ProteanL>;  <http://www.semanticweb.org/annab/ontologies/2022/3/ontology#con> ?con FILTER (?con > 10) },how many creatures speaking protean language do have constitution greater than 10?,How many Protean creatures have a communication level above 10?,MISTRAL_BASIC1,mistralai/Mistral-7B-Instruct-v0.2,False,0.9713899493217468,0.9713302850723267,0.9714496731758118
"SELECT (MAX(?con) as ?max_con) WHERE { ?elementals <http://www.w3.org/1999/02/22-rdf-syntax-ns#type> <http://www.semanticweb.org/annab/ontologies/2022/3/ontology#Beast>;  <http://www.semanticweb.org/annab/ontologies/2022/3/ontology#con> ?con FILTER regex(str(?elementals), 'elemental', 'i') }",what is the maximum value of constitution attribute for elementals?,What is the maximum number of connection points for all elementals?,MISTRAL_BASIC1,mistralai/Mistral-7B-Instruct-v0.2,False,0.9674714207649231,0.9655280113220215,0.9694226384162903
SELECT (AVG(?dex) as ?avg_dex) WHERE { ?creatures <http://www.semanticweb.org/annab/ontologies/2022/3/ontology#hasAlignment> <http://www.semanticweb.org/annab/ontologies/2022/3/ontology#trueNeutral>;  <http://www.semanticweb.org/annab/ontologies/2022/3/ontology#dex> ?dex },what is the average dexterity attribute for creatures with true neutral alignment?,What is the average dexterity of true neutral creatures?,MISTRAL_BASIC1,mistralai/Mistral-7B-Instruct-v0.2,False,0.9668334126472473,0.9649456739425659,0.9687285423278809
SELECT ?creatures WHERE {  {SELECT (AVG(?dex) as ?avg_dex)  WHERE {?creatures <http://www.semanticweb.org/annab/ontologies/2022/3/ontology#dex> ?dex}}  ?creatures <http://www.semanticweb.org/annab/ontologies/2022/3/ontology#hasLanguages> <http://www.semanticweb.org/annab/ontologies/2022/3/ontology#AbolethL>;   <http://www.semanticweb.org/annab/ontologies/2022/3/ontology#dex> ?dex FILTER (?dex > ?avg_dex) },which creatures speaking aboleth language do have dexterity greater than average for all creatures?,Which Aboleths have a higher dexterity than the average dexterity of all Aboleths?,MISTRAL_BASIC1,mistralai/Mistral-7B-Instruct-v0.2,False,0.970964789390564,0.9724255204200745,0.9695085287094116
"SELECT (COUNT(?robots) as ?n_robots) WHERE { ?robots <http://www.w3.org/1999/02/22-rdf-syntax-ns#type> <http://www.semanticweb.org/annab/ontologies/2022/3/ontology#Beast>;  <http://www.semanticweb.org/annab/ontologies/2022/3/ontology#int> ?int; <http://www.semanticweb.org/annab/ontologies/2022/3/ontology#hasSpeedValue> ?speed FILTER regex(str(?robots), 'robot', 'i') FILTER (?int < 7 && ?speed > 10) }",how many robots do have intelligence attribute less than 7 and speed value more than 10?,How many robots have an intelligence level below 7 and a speed above 10?,MISTRAL_BASIC1,mistralai/Mistral-7B-Instruct-v0.2,False,0.9611074328422546,0.9659998416900635,0.9562643766403198
SELECT (MIN(?int) as ?min_int) WHERE { ?creatures <http://www.semanticweb.org/annab/ontologies/2022/3/ontology#hasAlignment> <http://www.semanticweb.org/annab/ontologies/2022/3/ontology#chaoticNeutral>;  <http://www.semanticweb.org/annab/ontologies/2022/3/ontology#int> ?int },what is the minimum intelligence attribute for creatures with chaotic neutral alignment?,What is the minimum intelligence level for a chaotic neutral creature?,MISTRAL_BASIC1,mistralai/Mistral-7B-Instruct-v0.2,False,0.9615455269813538,0.9584360122680664,0.96467524766922
"SELECT ((SUM(?comp)/?n_creatures)*100 as ?creatures_perc) WHERE { {SELECT (COUNT(?creatures) as ?n_creatures) WHERE {?creatures <http://www.semanticweb.org/annab/ontologies/2022/3/ontology#hasLanguages> <http://www.semanticweb.org/annab/ontologies/2022/3/ontology#DaemonicL>}} ?creatures <http://www.semanticweb.org/annab/ontologies/2022/3/ontology#hasLanguages> <http://www.semanticweb.org/annab/ontologies/2022/3/ontology#DaemonicL>;  <http://www.semanticweb.org/annab/ontologies/2022/3/ontology#str> ?str BIND (if (?str > 20, 1, 0) as ?comp) }",what percentage of creatures speaking daemonic language do have strength attribute greater than 20?,What percentage of daemonic creatures have more than 20 languages?,MISTRAL_BASIC1,mistralai/Mistral-7B-Instruct-v0.2,False,0.9594322443008423,0.9578943848609924,0.960974931716919
"ASK WHERE { ?golems <http://www.w3.org/1999/02/22-rdf-syntax-ns#type> <http://www.semanticweb.org/annab/ontologies/2022/3/ontology#Beast>;  <http://www.semanticweb.org/annab/ontologies/2022/3/ontology#str> ?str; <http://www.semanticweb.org/annab/ontologies/2022/3/ontology#cha> ?cha FILTER regex(str(?golems), 'golem', 'i') FILTER (?str < ?cha) }",is there any golem type with strength attribute lower than charisma?,Do there exist golems with a strength lower than their name?,MISTRAL_BASIC1,mistralai/Mistral-7B-Instruct-v0.2,False,0.9613968729972839,0.9619011878967285,0.9608930945396423
SELECT (AVG(?wis) as ?avg_wis) WHERE { ?creatures <http://www.semanticweb.org/annab/ontologies/2022/3/ontology#hasAlignment> <http://www.semanticweb.org/annab/ontologies/2022/3/ontology#lawfulNeutral>;  <http://www.semanticweb.org/annab/ontologies/2022/3/ontology#wis> ?wis },what is the average wisdom attribute for creatures with lawful neutral alignment?,What is the average wisdom score for lawful neutral creatures?,MISTRAL_BASIC1,mistralai/Mistral-7B-Instruct-v0.2,False,0.9629920721054077,0.9627573490142822,0.9632269144058228
SELECT ?creatures WHERE { ?creatures <http://www.semanticweb.org/annab/ontologies/2022/3/ontology#hasLanguages> <http://www.semanticweb.org/annab/ontologies/2022/3/ontology#NecrilL>;  <http://www.semanticweb.org/annab/ontologies/2022/3/ontology#hasLanguages> <http://www.semanticweb.org/annab/ontologies/2022/3/ontology#AbyssalL>;  <http://www.semanticweb.org/annab/ontologies/2022/3/ontology#wis> ?wis FILTER (?wis > 4) },which creatures speaking necril and abyssal languages do have wisdom attribute more than 4?,Which creatures speak both Necril and Abyssal languages and have a wisdom score greater than 4?,MISTRAL_BASIC1,mistralai/Mistral-7B-Instruct-v0.2,False,0.9539918899536133,0.9632513523101807,0.9449087381362915
SELECT (SUM(?stats_values) as ?sum_stats_values) WHERE { ?stats <http://www.w3.org/2000/01/rdf-schema#subPropertyOf> <http://www.semanticweb.org/annab/ontologies/2022/3/ontology#statistics>. ?creatures <http://www.semanticweb.org/annab/ontologies/2022/3/ontology#hasLanguages> <http://www.semanticweb.org/annab/ontologies/2022/3/ontology#GnollL>;  <http://www.semanticweb.org/annab/ontologies/2022/3/ontology#hasLanguages> <http://www.semanticweb.org/annab/ontologies/2022/3/ontology#ElvenL>.  ?creatures ?stats ?stats_values } GROUP BY ?creatures,what are the sums of the statistics for creatures speaking both gnoll and elven languages?,What is the total number of statistics for gnolls that have both gnoll and elven languages?,MISTRAL_BASIC1,mistralai/Mistral-7B-Instruct-v0.2,False,0.972865879535675,0.9755605459213257,0.9701859951019287
ASK WHERE { <http://www.semanticweb.org/annab/ontologies/2022/3/ontology#Griffon> <http://www.semanticweb.org/annab/ontologies/2022/3/ontology#hasAlignment> ?grif_alignment. <http://www.semanticweb.org/annab/ontologies/2022/3/ontology#Hippogriff> <http://www.semanticweb.org/annab/ontologies/2022/3/ontology#hasAlignment> ?hippogr_alignment FILTER (?grif_alignment = ?hippogr_alignment) },do Griffon and Hippogriff have the same alignment?,Do griffons and hippogriffs have the same alignment?,MISTRAL_BASIC1,mistralai/Mistral-7B-Instruct-v0.2,False,0.957767903804779,0.9627470374107361,0.9528400897979736
ASK WHERE { <http://www.semanticweb.org/annab/ontologies/2022/3/ontology#Androsphinx> <http://www.semanticweb.org/annab/ontologies/2022/3/ontology#int> ?androsphinx_int; <http://www.semanticweb.org/annab/ontologies/2022/3/ontology#wis> ?androsphinx_wis. <http://www.semanticweb.org/annab/ontologies/2022/3/ontology#BloodQueen> <http://www.semanticweb.org/annab/ontologies/2022/3/ontology#int> ?bqueen_int; <http://www.semanticweb.org/annab/ontologies/2022/3/ontology#wis> ?bqueen_wis. FILTER (?androsphinx_int+?androsphinx_wis > ?bqueen_int+?bqueen_wis) },does Androsphinx have a greater sum of intellegence and wisdom attributes than Blood Queen?,Does the Androsphinx have a higher intelligence and wisdom combined than the Blood Queen?,MISTRAL_BASIC1,mistralai/Mistral-7B-Instruct-v0.2,False,0.9612933397293091,0.9562059044837952,0.9664353132247925
"SELECT (if((AVG(?baalz_stats) > AVG(?dagon_stats)), 'True', 'False') as ?res) WHERE { ?stats <http://www.w3.org/2000/01/rdf-schema#subPropertyOf> <http://www.semanticweb.org/annab/ontologies/2022/3/ontology#statistics>. <http://www.semanticweb.org/annab/ontologies/2022/3/ontology#Baalzebul> ?stats ?baalz_stats. <http://www.semanticweb.org/annab/ontologies/2022/3/ontology#Dagon> ?stats ?dagon_stats }",does Baalzebul have a greater value of average statistics than Dagon?,Is the average statistic of Baalzebul greater than the average statistic of Dagon?,MISTRAL_BASIC1,mistralai/Mistral-7B-Instruct-v0.2,False,0.9585133790969849,0.9591565728187561,0.95787113904953
SELECT ?creatures WHERE{{SELECT (MAX(?con) as ?max_con) WHERE { ?creatures <http://www.semanticweb.org/annab/ontologies/2022/3/ontology#hasLanguages> <http://www.semanticweb.org/annab/ontologies/2022/3/ontology#GhoulL>;  <http://www.semanticweb.org/annab/ontologies/2022/3/ontology#con> ?con }} ?creatures <http://www.semanticweb.org/annab/ontologies/2022/3/ontology#hasLanguages> <http://www.semanticweb.org/annab/ontologies/2022/3/ontology#GhoulL>;  <http://www.semanticweb.org/annab/ontologies/2022/3/ontology#con> ?con FILTER (?con = ?max_con)},which creatures speaking ghoul language do have the greatest constitution attribute?,Which ghoul has the highest level of consciousness?,MISTRAL_BASIC1,mistralai/Mistral-7B-Instruct-v0.2,False,0.9620387554168701,0.9575551152229309,0.9665645360946655
"SELECT (if((COUNT(DISTINCT ?creatures_1) > COUNT(DISTINCT ?creatures_2)), 'True', 'False') as ?res) WHERE { ?creatures_1 <http://www.semanticweb.org/annab/ontologies/2022/3/ontology#hasLanguages> <http://www.semanticweb.org/annab/ontologies/2022/3/ontology#DarkL>.  ?creatures_2 <http://www.semanticweb.org/annab/ontologies/2022/3/ontology#hasLanguages> <http://www.semanticweb.org/annab/ontologies/2022/3/ontology#CyclopsL>. }",is the number of creatures speaking dark language greater than cyclops language?,Do more creatures speak Dark L than Cyclops L?,MISTRAL_BASIC1,mistralai/Mistral-7B-Instruct-v0.2,False,0.9681856632232666,0.9649759531021118,0.971416711807251
"SELECT (if((COUNT(DISTINCT ?creatures_1) > COUNT(DISTINCT ?creatures_2)), 'True', 'False') as ?res) WHERE { ?creatures_1 <http://www.semanticweb.org/annab/ontologies/2022/3/ontology#hasLanguages> <http://www.semanticweb.org/annab/ontologies/2022/3/ontology#PolyglotL>.  ?creatures_2 <http://www.semanticweb.org/annab/ontologies/2022/3/ontology#hasLanguages> <http://www.semanticweb.org/annab/ontologies/2022/3/ontology#SkaldL>. }",is the number of creatures speaking polyglot language greater than skald language?,Do polyglots have more languages than skalds?,MISTRAL_BASIC1,mistralai/Mistral-7B-Instruct-v0.2,False,0.9648535251617432,0.9667715430259705,0.9629429578781128
ASK WHERE { <http://www.semanticweb.org/annab/ontologies/2022/3/ontology#Lamia> <http://www.semanticweb.org/annab/ontologies/2022/3/ontology#hasLanguages> ?Lamia_lang; <http://www.semanticweb.org/annab/ontologies/2022/3/ontology#hasAlignment> ?Lamia_alignment. <http://www.semanticweb.org/annab/ontologies/2022/3/ontology#Lilith> <http://www.semanticweb.org/annab/ontologies/2022/3/ontology#hasLanguages> ?Lilith_lang; <http://www.semanticweb.org/annab/ontologies/2022/3/ontology#hasAlignment> ?Lilith_alignment FILTER (?Lamia_lang = ?Lilith_lang && ?Lamia_alignment = ?Lilith_alignment) },do Lamia and Lilith have a common language and alignment?,Do Lamias and Liliths have the same alignment and speak the same language?,MISTRAL_BASIC1,mistralai/Mistral-7B-Instruct-v0.2,False,0.9519972801208496,0.9536409974098206,0.9503592848777771
ASK WHERE { <http://www.semanticweb.org/annab/ontologies/2022/3/ontology#Lorelei> <http://www.semanticweb.org/annab/ontologies/2022/3/ontology#hasLanguages> ?Lorelei_lang. <http://www.semanticweb.org/annab/ontologies/2022/3/ontology#Siren> <http://www.semanticweb.org/annab/ontologies/2022/3/ontology#hasLanguages> ?Siren_lang FILTER (?Lorelei_lang = ?Siren_lang) },do Lorelei and sirens speak the same languages?,Does Lorelei and Siren speak the same language?,MISTRAL_BASIC1,mistralai/Mistral-7B-Instruct-v0.2,False,0.9572977423667908,0.9549901485443115,0.9596166014671326
SELECT ((?Phoenix_dex+?Sleipnir_dex)/2 as ?avg_dex) WHERE { <http://www.semanticweb.org/annab/ontologies/2022/3/ontology#Phoenix> <http://www.semanticweb.org/annab/ontologies/2022/3/ontology#dex> ?Phoenix_dex. <http://www.semanticweb.org/annab/ontologies/2022/3/ontology#Sleipnir> <http://www.semanticweb.org/annab/ontologies/2022/3/ontology#dex> ?Sleipnir_dex },what is the average dexterity attribute for Phoenix and Sleipnir?,What is the average dexterity of the Phoenix and Sleipnir?,MISTRAL_BASIC1,mistralai/Mistral-7B-Instruct-v0.2,False,0.9641349911689758,0.9587410688400269,0.9695899486541748
"SELECT ?max_con WHERE { <http://www.semanticweb.org/annab/ontologies/2022/3/ontology#Kraken> <http://www.semanticweb.org/annab/ontologies/2022/3/ontology#con> ?Kraken_con. <http://www.semanticweb.org/annab/ontologies/2022/3/ontology#Leviathan> <http://www.semanticweb.org/annab/ontologies/2022/3/ontology#con> ?Leviathan_con BIND(if(?Kraken_con > ?Leviathan_con, ?Kraken_con, ?Leviathan_con) as ?max_con) }",what is the maximum constitution attribute for Kraken and Leviathan?,Which monster has the highest level of consciousness?,MISTRAL_BASIC1,mistralai/Mistral-7B-Instruct-v0.2,False,0.9633256793022156,0.9650097489356995,0.9616475701332092
"SELECT ?min_wis WHERE { <http://www.semanticweb.org/annab/ontologies/2022/3/ontology#Gorynych> <http://www.semanticweb.org/annab/ontologies/2022/3/ontology#wis> ?Gorynych_wis. <http://www.semanticweb.org/annab/ontologies/2022/3/ontology#Vodyanoi> <http://www.semanticweb.org/annab/ontologies/2022/3/ontology#wis> ?Vodyanoi_wis BIND(if(?Gorynych_wis > ?Vodyanoi_wis, ?Vodyanoi_wis, ?Gorynych_wis) as ?min_wis) }",what is the minimum wisdom attribute for Gorynych and Vodyanoi?,"Which of the two creatures, Gorynych and Vodyanoi, has the lower wisdom value?",MISTRAL_BASIC1,mistralai/Mistral-7B-Instruct-v0.2,False,0.9549104571342468,0.9480946063995361,0.9618249535560608
ASK WHERE { <http://www.semanticweb.org/annab/ontologies/2022/3/ontology#Kitsune> <http://www.semanticweb.org/annab/ontologies/2022/3/ontology#cha> ?Kitsune_cha. <http://www.semanticweb.org/annab/ontologies/2022/3/ontology#Rusalka> <http://www.semanticweb.org/annab/ontologies/2022/3/ontology#cha> ?Rusalka_cha FILTER(?Kitsune_cha > 20 || ?Rusalka_cha > 20) },does Kitsune or Rusalka have charisma attribute more than 20?,Is there a mythical creature with a charm value greater than 20?,MISTRAL_BASIC1,mistralai/Mistral-7B-Instruct-v0.2,False,0.9546310901641846,0.9503227472305298,0.9589785933494568
ASK WHERE { <http://www.semanticweb.org/annab/ontologies/2022/3/ontology#Amon> <http://www.semanticweb.org/annab/ontologies/2022/3/ontology#str> ?Amon_str. <http://www.semanticweb.org/annab/ontologies/2022/3/ontology#Cetus> <http://www.semanticweb.org/annab/ontologies/2022/3/ontology#str> ?Cetus_str FILTER((?Amon_str > 15 && ?Amon_str < 25 ) && (?Cetus_str > 15 && ?Cetus_str < 25 )) },do both Amon and Cetus have strength attribute between 15 and 25?,"Is there a monster named Amon and a monster named Cetus, both with names between 15 and 25 characters?",MISTRAL_BASIC1,mistralai/Mistral-7B-Instruct-v0.2,False,0.9638305306434631,0.9580346345901489,0.9696969985961914
ASK WHERE { <http://www.semanticweb.org/annab/ontologies/2022/3/ontology#Sandman> <http://www.semanticweb.org/annab/ontologies/2022/3/ontology#hasLanguages> ?Sandman_lang. <http://www.semanticweb.org/annab/ontologies/2022/3/ontology#Charon> <http://www.semanticweb.org/annab/ontologies/2022/3/ontology#hasLanguages> ?Charon_lang FILTER((<http://www.semanticweb.org/annab/ontologies/2022/3/ontology#ElderL> in (?Sandman_lang) || <http://www.semanticweb.org/annab/ontologies/2022/3/ontology#BoggargL> in (?Sandman_lang)) || (<http://www.semanticweb.org/annab/ontologies/2022/3/ontology#ElderL> in (?Charon_lang) || <http://www.semanticweb.org/annab/ontologies/2022/3/ontology#BoggargL> in (?Charon_lang)))},does Sandman or Charon speak elder or boggarg language?,Does the Sandman and Charon share at least one common language?,MISTRAL_BASIC1,mistralai/Mistral-7B-Instruct-v0.2,False,0.9650141596794128,0.9673441052436829,0.9626954197883606
