sparql,ground_truth,generated,template,hub_id,context
SELECT ?creatures WHERE {  ?creatures <http://www.semanticweb.org/annab/ontologies/2022/3/ontology#hasAlignment> <http://www.semanticweb.org/annab/ontologies/2022/3/ontology#chaoticGood> MINUS{?creatures <http://www.semanticweb.org/annab/ontologies/2022/3/ontology#hasLanguages> <http://www.semanticweb.org/annab/ontologies/2022/3/ontology#DraconicL>} },which creatures not speaking draconic language do have chaotic good alignment?,"What kind of creatures in the ontology have the alignment ""chaoticGood"" but do not speak Draconic?",CoT0,meta-llama/Llama-2-7b-chat-hf,False
"SELECT (if(COUNT(?cay_SpecAbils)>COUNT(?aas_SpecAbils), 'True', 'False') as ?res) WHERE {  <http://www.semanticweb.org/annab/ontologies/2022/3/ontology#caypup> <http://www.semanticweb.org/annab/ontologies/2022/3/ontology#hasSpecAbils> ?cay_SpecAbils. <http://www.semanticweb.org/annab/ontologies/2022/3/ontology#aasimar> <http://www.semanticweb.org/annab/ontologies/2022/3/ontology#hasSpecAbils> ?aas_SpecAbils }",does Caypup have more special abilities than Aasimar?,Do the number of instances of the `hasSpecAbils` property in the `beasiary:caypup` ontology exceed the number of instances of this property in the `beasiary:aasimar` ontology?,CoT0,meta-llama/Llama-2-7b-chat-hf,False
SELECT (COUNT(?creatures) as ?n_creatures) WHERE {  ?creatures <http://www.semanticweb.org/annab/ontologies/2022/3/ontology#hasLanguages> <http://www.semanticweb.org/annab/ontologies/2022/3/ontology#TreantL> MINUS{?creatures <http://www.semanticweb.org/annab/ontologies/2022/3/ontology#hasAlignment> <http://www.semanticweb.org/annab/ontologies/2022/3/ontology#trueNeutral>} MINUS{?creatures <http://www.semanticweb.org/annab/ontologies/2022/3/ontology#hasAlignment> <http://www.semanticweb.org/annab/ontologies/2022/3/ontology#chaoticNeutral>} MINUS{?creatures <http://www.semanticweb.org/annab/ontologies/2022/3/ontology#hasAlignment> <http://www.semanticweb.org/annab/ontologies/2022/3/ontology#lawfulNeutral>} },how many creatures with non-neutral alignment do speak treant language?,How many creatures have at least one language?,CoT0,meta-llama/Llama-2-7b-chat-hf,False
SELECT ?common_spells WHERE { <http://www.semanticweb.org/annab/ontologies/2022/3/ontology#aasimar> <http://www.semanticweb.org/annab/ontologies/2022/3/ontology#canSpell> ?common_spells. <http://www.semanticweb.org/annab/ontologies/2022/3/ontology#caypup> <http://www.semanticweb.org/annab/ontologies/2022/3/ontology#canSpell> ?common_spells },what spells Aasimar and Caypup do have in common?,What are some common spells that different entities can perform?,CoT0,meta-llama/Llama-2-7b-chat-hf,False
"SELECT (if(?n_creatures_1>?n_creatures_2, 'True', 'False') as ?res) WHERE {  {SELECT (COUNT(?creatures_1) as ?n_creatures_1) WHERE { ?creatures_1 <http://www.semanticweb.org/annab/ontologies/2022/3/ontology#hasLanguages> <http://www.semanticweb.org/annab/ontologies/2022/3/ontology#AbyssalL>; <http://www.semanticweb.org/annab/ontologies/2022/3/ontology#hasLanguages> <http://www.semanticweb.org/annab/ontologies/2022/3/ontology#AkloL>}} {SELECT (COUNT(?creatures_2) as ?n_creatures_2) WHERE { ?creatures_2 <http://www.semanticweb.org/annab/ontologies/2022/3/ontology#hasLanguages> <http://www.semanticweb.org/annab/ontologies/2022/3/ontology#InfernalL>; <http://www.semanticweb.org/annab/ontologies/2022/3/ontology#hasLanguages> <http://www.semanticweb.org/annab/ontologies/2022/3/ontology#TerranL>}} }",is the number of creatures speaking both abyssal and aklo languages greater than infernal and terran?,"How many creatures have languages ""AbyssalL"" and ""InfernalL""?",CoT0,meta-llama/Llama-2-7b-chat-hf,False
SELECT ?Alignment WHERE { ?subjects <http://www.semanticweb.org/annab/ontologies/2022/3/ontology#hasAlignment> ?Alignment } GROUP BY ?Alignment ORDER BY DESC (COUNT(?Alignment)) LIMIT 1,what is the most common alignment type?,What is the most similar thing to each subject in the graph?,CoT0,meta-llama/Llama-2-7b-chat-hf,False
"SELECT (COUNT(?creatures) as ?n_robots)  WHERE {  ?creatures <http://www.w3.org/1999/02/22-rdf-syntax-ns#type> <http://www.semanticweb.org/annab/ontologies/2022/3/ontology#Beast>  FILTER regex(str(?creatures), 'robot', 'i' )  }",how many types of robots are among creatures?,How many robots are there in the ontology?,CoT0,meta-llama/Llama-2-7b-chat-hf,False
"SELECT ?res  WHERE {  {SELECT (COUNT(?good) as ?n_good)  WHERE{  ?creatures <http://www.semanticweb.org/annab/ontologies/2022/3/ontology#hasAlignment> ?Alignment  BIND(str(?Alignment) as ?good)  FILTER regex(?good, 'good', 'i')} }  {SELECT (COUNT(?evil) as ?n_evil)  WHERE{ ?creatures <http://www.semanticweb.org/annab/ontologies/2022/3/ontology#hasAlignment> ?Alignment  BIND(str(?Alignment) as ?evil)  FILTER regex(?evil, 'evil', 'i')} }  BIND(if((?n_good>?n_evil), 'True', 'False') as ?res)  }",are creatures with good alignment more common than evil?,What is the result of the query?,CoT0,meta-llama/Llama-2-7b-chat-hf,False
SELECT  DISTINCT ?creatures WHERE { ?creatures <http://www.semanticweb.org/annab/ontologies/2022/3/ontology#hasResists> <http://www.semanticweb.org/annab/ontologies/2022/3/ontology#cold> },what creatures do have cold resist?,What are some creatures that are resistant to cold?,CoT0,meta-llama/Llama-2-7b-chat-hf,False
"SELECT ((?n_dragon_with_languages/?n_dragons)*100 as ?percentage) WHERE { {SELECT (COUNT(DISTINCT(?dragon)) as ?n_dragons) WHERE {  ?creatures <http://www.w3.org/1999/02/22-rdf-syntax-ns#type> <http://www.semanticweb.org/annab/ontologies/2022/3/ontology#Beast>; <http://www.semanticweb.org/annab/ontologies/2022/3/ontology#hasLanguages> ?language BIND(str(?creatures) as ?dragon) FILTER regex(?dragon,'dragon', 'i')}} {SELECT (COUNT(DISTINCT(?dragon_with_languages)) as ?n_dragon_with_languages) WHERE {  ?creatures <http://www.semanticweb.org/annab/ontologies/2022/3/ontology#hasLanguages> <http://www.semanticweb.org/annab/ontologies/2022/3/ontology#DraconicL>; <http://www.semanticweb.org/annab/ontologies/2022/3/ontology#hasLanguages> <http://www.semanticweb.org/annab/ontologies/2022/3/ontology#CommonL> BIND(str(?creatures) as ?dragon_with_languages) FILTER regex(?dragon_with_languages,'dragon', 'i')}} }",what percentage of dragons do speak both draconic and common languages?,How many dragons have at least one language?,CoT0,meta-llama/Llama-2-7b-chat-hf,False
SELECT ?top5_languages WHERE { ?creatures <http://www.semanticweb.org/annab/ontologies/2022/3/ontology#hasLanguages> ?top5_languages } GROUP BY ?top5_languages ORDER BY DESC (COUNT(?top5_languages)) LIMIT 5,what are the top-5 languages by popularity among creatures?,What are the top 5 languages spoken by creatures in the ontology?,CoT0,meta-llama/Llama-2-7b-chat-hf,False
"SELECT (if(AVG(?drag_n_lang)>AVG(?dem_n_lang), 'True', 'False') as ?res) WHERE { {SELECT (COUNT(?language_1) as ?drag_n_lang)  WHERE {   ?creatures_1 <http://www.w3.org/1999/02/22-rdf-syntax-ns#type> <http://www.semanticweb.org/annab/ontologies/2022/3/ontology#Beast>;  <http://www.semanticweb.org/annab/ontologies/2022/3/ontology#hasLanguages> ?language_1  FILTER regex(str(?creatures_1),'dragon', 'i')} GROUP BY ?creatures_1} {SELECT (COUNT(?language_2) as ?dem_n_lang)  WHERE {   ?creatures_2 <http://www.w3.org/1999/02/22-rdf-syntax-ns#type> <http://www.semanticweb.org/annab/ontologies/2022/3/ontology#Beast>;  <http://www.semanticweb.org/annab/ontologies/2022/3/ontology#hasLanguages> ?language_2  FILTER regex(str(?creatures_2),'demon', 'i')} GROUP BY ?creatures_2} }",do dragons in average speak more languages than demons?,"What does the query mean by ""True"" or ""False"" for each resource in the subgraph?",CoT0,meta-llama/Llama-2-7b-chat-hf,False
SELECT ?creatures WHERE { ?creatures <http://www.semanticweb.org/annab/ontologies/2022/3/ontology#hasLanguages> <http://www.semanticweb.org/annab/ontologies/2022/3/ontology#CommonL>; <http://www.semanticweb.org/annab/ontologies/2022/3/ontology#hasLanguages> <http://www.semanticweb.org/annab/ontologies/2022/3/ontology#UndercommonL> },what creatures do speak both common and undercommon languages?,What are some things that have both English and Undercommon languages associated with them?,CoT0,meta-llama/Llama-2-7b-chat-hf,False
SELECT (COUNT(?creatures) as ?n_creatures) WHERE { ?creatures <http://www.semanticweb.org/annab/ontologies/2022/3/ontology#hasLanguages> <http://www.semanticweb.org/annab/ontologies/2022/3/ontology#AbyssalL>; <http://www.semanticweb.org/annab/ontologies/2022/3/ontology#hasLanguages> <http://www.semanticweb.org/annab/ontologies/2022/3/ontology#SylvanL>; <http://www.semanticweb.org/annab/ontologies/2022/3/ontology#hasLanguages> <http://www.semanticweb.org/annab/ontologies/2022/3/ontology#ElvenL> },"how many creatures do speak all three languages: abyssal, sylvan and elven?","How many creatures in the ontology have at least one language from the Abyssal, Sylvan, and Elven language categories?",CoT0,meta-llama/Llama-2-7b-chat-hf,False
"SELECT (if(?n_zombies_1+?n_zombies_2 > 0, 'True', 'False') as ?res) WHERE {    {SELECT (COUNT(?creatures_1) as ?n_zombies_1) WHERE {  ?creatures_1 <http://www.semanticweb.org/annab/ontologies/2022/3/ontology#hasAlignment> <http://www.semanticweb.org/annab/ontologies/2022/3/ontology#chaoticEvil>.   FILTER (regex(str(?creatures_1), 'zombie', 'i' ))}} {SELECT (COUNT(?creatures_2) as ?n_zombies_2) WHERE {  ?creatures_2 <http://www.semanticweb.org/annab/ontologies/2022/3/ontology#hasAlignment> <http://www.semanticweb.org/annab/ontologies/2022/3/ontology#chaoticNeutral>.   FILTER (regex(str(?creatures_2), 'zombie', 'i' ))}} }",is there any type of zombie with chaotic evil or chaotic neutral alignment?,"How many zombies in the graph have the alignment ""chaotic evil""?",CoT0,meta-llama/Llama-2-7b-chat-hf,False
"SELECT (if((COUNT(?trox_lang) > COUNT(?sunlord_lang)), 'True', 'False') as ?res)   WHERE {   <http://www.semanticweb.org/annab/ontologies/2022/3/ontology#Trox> <http://www.semanticweb.org/annab/ontologies/2022/3/ontology#hasLanguages> ?trox_lang.  <http://www.semanticweb.org/annab/ontologies/2022/3/ontology#Sunlord> <http://www.semanticweb.org/annab/ontologies/2022/3/ontology#hasLanguages> ?sunlord_lang}",does Trox speak more languages than Sunlord?,Do you think the number of languages spoken by Trox is greater than the number of languages spoken by Sunlord?,CoT0,meta-llama/Llama-2-7b-chat-hf,False
ASK WHERE {  <http://www.semanticweb.org/annab/ontologies/2022/3/ontology#Einherji> <http://www.semanticweb.org/annab/ontologies/2022/3/ontology#hasLanguages> ?common_language.  <http://www.semanticweb.org/annab/ontologies/2022/3/ontology#Balor> <http://www.semanticweb.org/annab/ontologies/2022/3/ontology#hasLanguages> ?common_language },does Einherji and Balor have any common language?,"What are the objects that have a common language with both ""Einherji"" and ""Balor""?",CoT0,meta-llama/Llama-2-7b-chat-hf,False
SELECT (COUNT(?creatures) as ?n_creatures) WHERE {  ?creatures <http://www.semanticweb.org/annab/ontologies/2022/3/ontology#hasAlignment> <http://www.semanticweb.org/annab/ontologies/2022/3/ontology#lawfulNeutral>.  ?creatures <http://www.semanticweb.org/annab/ontologies/2022/3/ontology#hasLanguages> <http://www.semanticweb.org/annab/ontologies/2022/3/ontology#GiantL>},how many beasts with lawful neutral alignment can speak giant language?,How many creatures have the alignment beasiary:lawfulNeutral and also have the language beasiary:GiantL?,CoT0,meta-llama/Llama-2-7b-chat-hf,False
"SELECT ?ogres  WHERE {   ?ogres <http://www.semanticweb.org/annab/ontologies/2022/3/ontology#hasLanguages> <http://www.semanticweb.org/annab/ontologies/2022/3/ontology#CommonL>;  <http://www.semanticweb.org/annab/ontologies/2022/3/ontology#hasAlignment> <http://www.semanticweb.org/annab/ontologies/2022/3/ontology#lawfulEvil>  FILTER regex(str(?ogres), 'ogre', 'i') }",which ogres with lawful evil alignment can speak common language?,What is the purpose of the query?,CoT0,meta-llama/Llama-2-7b-chat-hf,False
"SELECT ?Alignment  WHERE {  ?spiders <http://www.w3.org/1999/02/22-rdf-syntax-ns#type> <http://www.semanticweb.org/annab/ontologies/2022/3/ontology#Beast>; <http://www.semanticweb.org/annab/ontologies/2022/3/ontology#hasAlignment> ?Alignment FILTER regex(str(?spiders), 'spider', 'i') } GROUP BY ?Alignment ORDER BY DESC(COUNT(?Alignment)) OFFSET 1 LIMIT 1",what is the second most common alignment type for spiders?,What do you think the alignment of the spiders is based on their type and label?,CoT0,meta-llama/Llama-2-7b-chat-hf,False
"SELECT ?Alignment WHERE {  ?elementals <http://www.w3.org/1999/02/22-rdf-syntax-ns#type> <http://www.semanticweb.org/annab/ontologies/2022/3/ontology#Beast>; <http://www.semanticweb.org/annab/ontologies/2022/3/ontology#hasAlignment> ?Alignment FILTER regex(str(?elementals), 'elemental', 'i') } GROUP BY ?Alignment ORDER BY DESC(COUNT(?Alignment)) LIMIT 1",what alignment type is the most common for elementals?,What do you think the query is trying to find out?,CoT0,meta-llama/Llama-2-7b-chat-hf,False
SELECT ?Alignment  WHERE {   ?creatures <http://www.semanticweb.org/annab/ontologies/2022/3/ontology#hasLanguages> <http://www.semanticweb.org/annab/ontologies/2022/3/ontology#AuranL>;  <http://www.semanticweb.org/annab/ontologies/2022/3/ontology#hasAlignment> ?Alignment}  GROUP BY ?Alignment  ORDER BY ASC(COUNT(?Alignment))  LIMIT 1 ,what alignment type is the rarest for creatures speaking auran language?,What is the alignment of creatures that have the language AuranL?,CoT0,meta-llama/Llama-2-7b-chat-hf,False
"SELECT (if((?raven_alignment = ?ghoul_alignment), 'True', 'False') as ?res) WHERE {   <http://www.semanticweb.org/annab/ontologies/2022/3/ontology#Raven> <http://www.semanticweb.org/annab/ontologies/2022/3/ontology#hasAlignment> ?raven_alignment.  <http://www.semanticweb.org/annab/ontologies/2022/3/ontology#Ghoul> <http://www.semanticweb.org/annab/ontologies/2022/3/ontology#hasAlignment> ?ghoul_alignment  }",do raven and ghoul have the same alignment?,Are you sure that the alignment of these two entities is true or false?,CoT0,meta-llama/Llama-2-7b-chat-hf,False
"SELECT ((?n_chaotic_wolves/?n_wolves)*100 as ?res) WHERE {   {SELECT (COUNT(?wolves) as ?n_wolves) WHERE { ?wolves <http://www.w3.org/1999/02/22-rdf-syntax-ns#type> <http://www.semanticweb.org/annab/ontologies/2022/3/ontology#Beast> FILTER regex(str(?wolves), 'wolf', 'i') }} {SELECT (COUNT(?chaotic_wolves) as ?n_chaotic_wolves) WHERE { ?chaotic_wolves <http://www.semanticweb.org/annab/ontologies/2022/3/ontology#hasAlignment> ?Alignment FILTER regex(str(?chaotic_wolves), 'wolf', 'i') FILTER regex(str(?Alignment), 'chaotic', 'i') }} }",what percentage of wolves does have chaotic alignment?,"How many wolves are there in total, including both chaotic and non-chaotic ones?",CoT0,meta-llama/Llama-2-7b-chat-hf,False
"SELECT ((?n_aquan_angels/?n_angels)*100 as ?res) WHERE {   {SELECT (COUNT(?angels) as ?n_angels) WHERE { ?angels <http://www.w3.org/1999/02/22-rdf-syntax-ns#type> <http://www.semanticweb.org/annab/ontologies/2022/3/ontology#Beast> FILTER regex(str(?angels), 'angel', 'i') }} {SELECT (COUNT(?aquan_angels) as ?n_aquan_angels) WHERE { ?aquan_angels <http://www.semanticweb.org/annab/ontologies/2022/3/ontology#hasLanguages> <http://www.semanticweb.org/annab/ontologies/2022/3/ontology#AquanL> FILTER regex(str(?aquan_angels), 'angel', 'i') }} }",what percentage of angels does speak aquan language?,How many angels do you think are mentioned in the query?,CoT0,meta-llama/Llama-2-7b-chat-hf,False
SELECT (AVG(?n_languages) as ?res) WHERE { SELECT (COUNT(?language) as ?n_languages) WHERE { ?creatures <http://www.w3.org/1999/02/22-rdf-syntax-ns#type> <http://www.semanticweb.org/annab/ontologies/2022/3/ontology#Beast>; <http://www.semanticweb.org/annab/ontologies/2022/3/ontology#hasLanguages> ?language } GROUP BY ?creatures },what is an average number of languages for creatures?,How many languages does the average creature speak?,CoT0,meta-llama/Llama-2-7b-chat-hf,False
SELECT (MAX(?values) as ?max_value) WHERE { ?off_attr <http://www.w3.org/2000/01/rdf-schema#subPropertyOf> <http://www.semanticweb.org/annab/ontologies/2022/3/ontology#offValues>; <http://www.w3.org/2000/01/rdf-schema#range> ?data_type. FILTER(?data_type != xsd:boolean) ?creatures ?off_attr ?values },what is the maximum value for the numerical offensive attribute?,What is the maximum value of the `values` attribute in the ontology `beasiary` that is not of type `xsd:boolean`?,CoT0,meta-llama/Llama-2-7b-chat-hf,False
"SELECT (if(?speed_1 > ?speed_2, 'True', 'False') as ?res) WHERE {<http://www.semanticweb.org/annab/ontologies/2022/3/ontology#Sangudaemon> <http://www.semanticweb.org/annab/ontologies/2022/3/ontology#hasSpeedValue> ?speed_1. <http://www.semanticweb.org/annab/ontologies/2022/3/ontology#Eblis> <http://www.semanticweb.org/annab/ontologies/2022/3/ontology#hasSpeedValue> ?speed_2 }",is Sangudaemon faster than Eblis?,Do Sangudaemon and Eblis have different speeds?,CoT0,meta-llama/Llama-2-7b-chat-hf,False
"SELECT (AVG(?speed) as ?res) WHERE { ?spiders <http://www.w3.org/1999/02/22-rdf-syntax-ns#type> <http://www.semanticweb.org/annab/ontologies/2022/3/ontology#Beast>; <http://www.semanticweb.org/annab/ontologies/2022/3/ontology#hasSpeedValue> ?speed FILTER regex(str(?spiders), 'spider', 'i') }",what is the mean speed value for spiders?,What is the average speed of spiders?,CoT0,meta-llama/Llama-2-7b-chat-hf,False
SELECT ?creatures WHERE { ?creatures <http://www.semanticweb.org/annab/ontologies/2022/3/ontology#hasAlignment> <http://www.semanticweb.org/annab/ontologies/2022/3/ontology#chaoticEvil>; <http://www.semanticweb.org/annab/ontologies/2022/3/ontology#hasSpeedValue> ?speed } ORDER BY DESC(?speed) LIMIT 5,what are top 5 by speed chaotic evil creatures?,"What are the five creatures in the ontology that are chaotic and evil, and have a speed value?",CoT0,meta-llama/Llama-2-7b-chat-hf,False
SELECT ?creatures WHERE { ?creatures <http://www.semanticweb.org/annab/ontologies/2022/3/ontology#hasLanguages> <http://www.semanticweb.org/annab/ontologies/2022/3/ontology#SphinxL>; <http://www.semanticweb.org/annab/ontologies/2022/3/ontology#hasSpeedValue> ?speed } GROUP BY ?speed HAVING(?speed > 20),what are creatures speaking sphinx language with speed value more than 20?,"What are the characteristics of creatures that have the language ""SphinxL"" and are very fast?",CoT0,meta-llama/Llama-2-7b-chat-hf,False
SELECT DISTINCT ?HP WHERE { ?creatures <http://www.w3.org/1999/02/22-rdf-syntax-ns#type> <http://www.semanticweb.org/annab/ontologies/2022/3/ontology#Beast>; <http://www.semanticweb.org/annab/ontologies/2022/3/ontology#hasLevel> ?level; <http://www.semanticweb.org/annab/ontologies/2022/3/ontology#hasHPValue> ?HP } GROUP BY ?level HAVING (?level = MIN(?level)),what values of health points are related to creatures with the lowest level?,What is the minimum level of a beast in the given ontology?,CoT0,meta-llama/Llama-2-7b-chat-hf,False
SELECT (MAX(?HP) as ?max_HP)  WHERE {  ?creatures <http://www.semanticweb.org/annab/ontologies/2022/3/ontology#hasAlignment> <http://www.semanticweb.org/annab/ontologies/2022/3/ontology#chaoticGood>;  <http://www.semanticweb.org/annab/ontologies/2022/3/ontology#hasHPValue> ?HP },what is the maximum value of health point for creatures with chaotic good alignment?,"What is the maximum value of the `HP` property of creatures that have the alignment ""chaotic good""?",CoT0,meta-llama/Llama-2-7b-chat-hf,False
SELECT DISTINCT ?XP WHERE {  ?creatures <http://www.w3.org/1999/02/22-rdf-syntax-ns#type> <http://www.semanticweb.org/annab/ontologies/2022/3/ontology#Beast>;  <http://www.semanticweb.org/annab/ontologies/2022/3/ontology#hasLevel> ?level;  <http://www.semanticweb.org/annab/ontologies/2022/3/ontology#hasXPValue> ?XP  }  GROUP BY ?level  HAVING (?level = MAX(?level)),what values of experience points are related to creatures with the highest level?,What is the maximum amount of XP that each beast has?,CoT0,meta-llama/Llama-2-7b-chat-hf,False
SELECT (AVG(?CR) as ?avg_CR)  WHERE {   ?creatures <http://www.semanticweb.org/annab/ontologies/2022/3/ontology#hasLanguages> <http://www.semanticweb.org/annab/ontologies/2022/3/ontology#CelestialL>;   <http://www.semanticweb.org/annab/ontologies/2022/3/ontology#hasCRValue> ?CR},what is the average challenge rating for creatures speaking celestial language?,What is the average value of the 'CR' variable for all creatures that have the language 'CelestialL'?,CoT0,meta-llama/Llama-2-7b-chat-hf,False
"SELECT ?elementals  WHERE {  ?elementals <http://www.w3.org/1999/02/22-rdf-syntax-ns#type> <http://www.semanticweb.org/annab/ontologies/2022/3/ontology#Beast>; <http://www.semanticweb.org/annab/ontologies/2022/3/ontology#hasCRValue> ?CR  FILTER regex(str(?elementals), 'elemental', 'i') }  GROUP BY ?CR HAVING (?CR> 10)",which elemental creatures do have a challenge rating more than 10?,What are the elements that have a CR value greater than 10 in the given ontology?,CoT0,meta-llama/Llama-2-7b-chat-hf,False
SELECT ?creatures   WHERE {   ?creatures <http://www.semanticweb.org/annab/ontologies/2022/3/ontology#hasLanguages> <http://www.semanticweb.org/annab/ontologies/2022/3/ontology#TerranL>;  <http://www.semanticweb.org/annab/ontologies/2022/3/ontology#hasInitValue> ?Init}   GROUP BY ?Init  HAVING (?Init > 2 && ?Init < 5),what creatures speaking terran language do have an initiative value more than 2 and less than 5?,"What types of creatures have a language called ""TerranL"" and are initialized to values greater than 2 and less than 5?",CoT0,meta-llama/Llama-2-7b-chat-hf,False
SELECT (MIN(?Init) as ?min_Init)  WHERE {   ?creatures <http://www.semanticweb.org/annab/ontologies/2022/3/ontology#hasAlignment> <http://www.semanticweb.org/annab/ontologies/2022/3/ontology#trueNeutral>;  <http://www.semanticweb.org/annab/ontologies/2022/3/ontology#hasInitValue> ?Init   FILTER (?Init >= 0) },what is the minimum non-negative initiative value for creatures with true neutral alignment?,What is the minimum value of `Init` for creatures that have a positive alignment?,CoT0,meta-llama/Llama-2-7b-chat-hf,False
"SELECT ?golems WHERE {  ?golems <http://www.w3.org/1999/02/22-rdf-syntax-ns#type> <http://www.semanticweb.org/annab/ontologies/2022/3/ontology#Beast>; <http://www.semanticweb.org/annab/ontologies/2022/3/ontology#hasXPValue> ?XP  FILTER regex(str(?golems), 'golem', 'i') }  ORDER BY DESC(?XP) LIMIT 3",what are top 3 golem types by experience points?,What are the names of the beings described by the triples in the subgraph selected by the query?,CoT0,meta-llama/Llama-2-7b-chat-hf,False
"SELECT (if ((?n_greater/?n_base_attr) > 0.5, 'True', 'False') as ?res) WHERE {  {SELECT (COUNT(?comp) as ?n_greater)   WHERE { ?base_attr rdfs:subPropertyOf <http://www.semanticweb.org/annab/ontologies/2022/3/ontology#base>. <http://www.semanticweb.org/annab/ontologies/2022/3/ontology#Abaia> ?base_attr ?ab_attr. <http://www.semanticweb.org/annab/ontologies/2022/3/ontology#Vampire> ?base_attr ?vamp_attr. BIND(if ((?ab_attr > ?vamp_attr), 1, 0) as ?comp) FILTER (?comp = 1)}} {SELECT (COUNT(?base_attr) as ?n_base_attr)  WHERE{?base_attr <http://www.w3.org/2000/01/rdf-schema#subPropertyOf> <http://www.semanticweb.org/annab/ontologies/2022/3/ontology#base>.}} }",is Abaia superior to vampires in terms of base attributes?,What is the result of the query? Are most entities in the graph greater than their corresponding vampire counterpart?,CoT0,meta-llama/Llama-2-7b-chat-hf,False
"SELECT (if ((AVG(?dham_attr) > AVG(?gorg_attr)), 'True', 'False') as ?res) WHERE { ?base_attr <http://www.w3.org/2000/01/rdf-schema#subPropertyOf> <http://www.semanticweb.org/annab/ontologies/2022/3/ontology#base>. <http://www.semanticweb.org/annab/ontologies/2022/3/ontology#Dhampir> ?base_attr ?dham_attr. <http://www.semanticweb.org/annab/ontologies/2022/3/ontology#Gorgon> ?base_attr ?gorg_attr. }",is Dhampir superior to Gorgon in terms of mean base attributes?,Do you think there are any individuals in the dataset that have a higher average value for the attribute?dham_attr than for the attribute?gorg_attr?,CoT0,meta-llama/Llama-2-7b-chat-hf,False
"SELECT (if ((?n_greater/?n_def_attr) > 0.5, 'True', 'False') as ?res) WHERE {  {SELECT (COUNT(?comp) as ?n_greater)   WHERE { ?def_attr <http://www.w3.org/2000/01/rdf-schema#subPropertyOf> <http://www.semanticweb.org/annab/ontologies/2022/3/ontology#defValues>. <http://www.semanticweb.org/annab/ontologies/2022/3/ontology#Boggard> ?def_attr ?bog_attr. <http://www.semanticweb.org/annab/ontologies/2022/3/ontology#Selkie> ?def_attr ?selk_attr. BIND(if (?bog_attr > ?selk_attr, 1, 0) as ?comp) FILTER (?comp = 1)}} {SELECT (COUNT(?def_attr) as ?n_def_attr)  WHERE{?def_attr <http://www.w3.org/2000/01/rdf-schema#subPropertyOf> <http://www.semanticweb.org/annab/ontologies/2022/3/ontology#defValues>.}} }",is Boggard superior to Selkie in terms of deffencive attributes?,What is the value of `?res` for the given ontologies and properties?,CoT0,meta-llama/Llama-2-7b-chat-hf,False
"SELECT (if ((AVG(?cent_attr) > AVG(?med_attr)), 'True', 'False') as ?res) WHERE { ?def_attr <http://www.w3.org/2000/01/rdf-schema#subPropertyOf> <http://www.semanticweb.org/annab/ontologies/2022/3/ontology#defValues>. <http://www.semanticweb.org/annab/ontologies/2022/3/ontology#Centaur> ?def_attr ?cent_attr. <http://www.semanticweb.org/annab/ontologies/2022/3/ontology#Medusa> ?def_attr ?med_attr.}",is Centaur superior to Medusa in terms of mean defensive attributes?,Do you think there are more Centaurs or Medusas in the dataset?,CoT0,meta-llama/Llama-2-7b-chat-hf,False
"SELECT (if ((SUM(?bicl_stats) > SUM(?mast_stats)), 'True', 'False') as ?res) WHERE { ?stats <http://www.w3.org/2000/01/rdf-schema#subPropertyOf> <http://www.semanticweb.org/annab/ontologies/2022/3/ontology#statistics>. <http://www.semanticweb.org/annab/ontologies/2022/3/ontology#Biclops> ?stats ?bicl_stats. <http://www.semanticweb.org/annab/ontologies/2022/3/ontology#Mastodon> ?stats ?mast_stats. }",is Biclops superior to Mastodon in terms of statistics sum?,Do you think the total number of biclusters in the dataset is greater than the total number of mastodons?,CoT0,meta-llama/Llama-2-7b-chat-hf,False
"SELECT (if ((AVG(?satyr_stats) > AVG(?cacd_stats)), 'True', 'False') as ?res) WHERE { ?stats <http://www.w3.org/2000/01/rdf-schema#subPropertyOf> <http://www.semanticweb.org/annab/ontologies/2022/3/ontology#statistics>. <http://www.semanticweb.org/annab/ontologies/2022/3/ontology#Satyr> ?stats ?satyr_stats. <http://www.semanticweb.org/annab/ontologies/2022/3/ontology#Cacodaemon> ?stats ?cacd_stats. }",is Satyr superior to Cacodaemon in terms of mean statistics?,Do you think the average of the `satyr_stats` property is greater than the average of the `cacd_stats` property?,CoT0,meta-llama/Llama-2-7b-chat-hf,False
"SELECT ?stats  WHERE {  ?golems <http://www.w3.org/1999/02/22-rdf-syntax-ns#type> <http://www.semanticweb.org/annab/ontologies/2022/3/ontology#Beast>.  ?stats <http://www.w3.org/2000/01/rdf-schema#subPropertyOf> <http://www.semanticweb.org/annab/ontologies/2022/3/ontology#statistics>.  FILTER regex(str(?golems), 'golem', 'i')  ?golems ?stats ?golem_stats.  } GROUP BY ?stats ORDER BY DESC(AVG(?golem_stats)) LIMIT 1",what is the dominant statistics for golems in average?,"What is the average number of ""golem_stats"" for each instance of the ""golem"" class?",CoT0,meta-llama/Llama-2-7b-chat-hf,False
"SELECT ?stats WHERE { ?wolfes <http://www.w3.org/1999/02/22-rdf-syntax-ns#type> <http://www.semanticweb.org/annab/ontologies/2022/3/ontology#Beast>. ?stats <http://www.w3.org/2000/01/rdf-schema#subPropertyOf> <http://www.semanticweb.org/annab/ontologies/2022/3/ontology#statistics>. FILTER regex(str(?wolfes), 'wolf', 'i') ?wolfes ?stats ?wolf_stats } GROUP BY ?stats ORDER by ASC(AVG(?wolf_stats)) LIMIT 1",what is the lowest statistics in average for wolves?,"What is the average value of the ""stats"" resource for all ""wolfes"" resources that contain the string ""wolf"" or ""i""?",CoT0,meta-llama/Llama-2-7b-chat-hf,False
"SELECT ?def_attr  WHERE {  ?ogres <http://www.w3.org/1999/02/22-rdf-syntax-ns#type> <http://www.semanticweb.org/annab/ontologies/2022/3/ontology#Beast>.  ?def_attr <http://www.w3.org/2000/01/rdf-schema#subPropertyOf> <http://www.semanticweb.org/annab/ontologies/2022/3/ontology#defValues>.  FILTER regex(str(?ogres), 'ogre', 'i')  ?ogres ?def_attr ?ogres_def_attr.  } GROUP BY ?def_attr ORDER BY DESC(AVG(?ogres_def_attr)) LIMIT 1",what is the lowest defensive attribute for ogres in average?,"What is the average label of ""ogre"" or ""i"" in the objects of the beasiary ontology?",CoT0,meta-llama/Llama-2-7b-chat-hf,False
"SELECT (if(COUNT(DISTINCT ?off_attr) > COUNT(DISTINCT ?def_attr), 'True', 'False') as ?res) WHERE {  ?off_attr <http://www.w3.org/2000/01/rdf-schema#subPropertyOf> <http://www.semanticweb.org/annab/ontologies/2022/3/ontology#offValues>.  ?def_attr <http://www.w3.org/2000/01/rdf-schema#subPropertyOf> <http://www.semanticweb.org/annab/ontologies/2022/3/ontology#defValues>.}",does creatures have more offencive attributes than defencive?,"Are there more distinct values in the ""off_attr"" predicate than in the ""def_attr"" predicate?",CoT0,meta-llama/Llama-2-7b-chat-hf,False
SELECT ?creatures WHERE {  {SELECT (MAX(?atk) as ?max_atk) WHERE{?creatures <http://www.semanticweb.org/annab/ontologies/2022/3/ontology#hasLanguages> <http://www.semanticweb.org/annab/ontologies/2022/3/ontology#AkloL>;  <http://www.semanticweb.org/annab/ontologies/2022/3/ontology#atk> ?atk}} ?creatures <http://www.semanticweb.org/annab/ontologies/2022/3/ontology#hasLanguages> <http://www.semanticweb.org/annab/ontologies/2022/3/ontology#AkloL>;  <http://www.semanticweb.org/annab/ontologies/2022/3/ontology#atk> ?atk  FILTER (?atk = ?max_atk)},which creatures speaking aklo language do have the maximum attack parameter?,What is the maximum attack power of the creatures in the ontology?,CoT0,meta-llama/Llama-2-7b-chat-hf,False
"SELECT (AVG(?atk) as ?avg_atk) WHERE {  ?robots <http://www.w3.org/1999/02/22-rdf-syntax-ns#type> <http://www.semanticweb.org/annab/ontologies/2022/3/ontology#Beast>;  <http://www.semanticweb.org/annab/ontologies/2022/3/ontology#atk> ?atk  FILTER regex(str(?robots), 'robot', 'i') }",what is the average attack parameter for robots?,What is the average attack strength of the robots in the ontology?,CoT0,meta-llama/Llama-2-7b-chat-hf,False
SELECT (COUNT(?creatures) as ?n_creatures) WHERE {  ?creatures <http://www.semanticweb.org/annab/ontologies/2022/3/ontology#hasAlignment> <http://www.semanticweb.org/annab/ontologies/2022/3/ontology#neutralEvil>;  <http://www.semanticweb.org/annab/ontologies/2022/3/ontology#cmb> ?cmb  FILTER (?cmb < 4) },how many creatures with neutral evil alignment do have combat maneuver bonus less than 4?,How many creatures are neutral and evil?,CoT0,meta-llama/Llama-2-7b-chat-hf,False
SELECT (MIN(?cmb) as ?min_cmb) WHERE {  ?creatures <http://www.semanticweb.org/annab/ontologies/2022/3/ontology#hasLanguages> <http://www.semanticweb.org/annab/ontologies/2022/3/ontology#IgnanL>;  <http://www.semanticweb.org/annab/ontologies/2022/3/ontology#cmb> ?cmb},what is the minimum combat maneuver bonus for creatures speaking ignan language?,What is the minimum number of languages spoken by creatures in the IgnanL language?,CoT0,meta-llama/Llama-2-7b-chat-hf,False
"SELECT (COUNT(?demons) as ?n_demons) WHERE {  {SELECT (AVG(?cmd) as ?avg_cmd) WHERE { ?creatures <http://www.semanticweb.org/annab/ontologies/2022/3/ontology#cmd> ?cmd  }} ?demons <http://www.w3.org/1999/02/22-rdf-syntax-ns#type> <http://www.semanticweb.org/annab/ontologies/2022/3/ontology#Beast>;  <http://www.semanticweb.org/annab/ontologies/2022/3/ontology#cmd> ?cmd  FILTER regex(str(?demons), 'demon', 'i') FILTER (?cmd > ?avg_cmd) }",how many demons do have combat maneuver defense level greater than the average for all creatures?,How many demons are there in the dataset that have a command greater than the average command?,CoT0,meta-llama/Llama-2-7b-chat-hf,False
SELECT (MAX(?cmd) as ?max_cmd) WHERE {  ?creatures <http://www.semanticweb.org/annab/ontologies/2022/3/ontology#hasAlignment> <http://www.semanticweb.org/annab/ontologies/2022/3/ontology#neutralGood>;  <http://www.semanticweb.org/annab/ontologies/2022/3/ontology#cmd> ?cmd},what is the maximum combat maneuver defense level for creatures with neutral good alignment?,What is the maximum command that a creature can have according to the ontology provided?,CoT0,meta-llama/Llama-2-7b-chat-hf,False
SELECT ?creatures WHERE {  ?creatures <http://www.semanticweb.org/annab/ontologies/2022/3/ontology#hasLanguages> <http://www.semanticweb.org/annab/ontologies/2022/3/ontology#DwarvenL>;  <http://www.semanticweb.org/annab/ontologies/2022/3/ontology#hasACValue> ?AC_value FILTER (?AC_value > 12) },what creatures speaking dwarven language do have armor class greater than 12?,What do you think the query is trying to find out about the?creatures resource?,CoT0,meta-llama/Llama-2-7b-chat-hf,False
"SELECT (AVG(?AC_value) as ?avg_AC_value) WHERE { ?angels <http://www.w3.org/1999/02/22-rdf-syntax-ns#type> <http://www.semanticweb.org/annab/ontologies/2022/3/ontology#Beast>;  <http://www.semanticweb.org/annab/ontologies/2022/3/ontology#hasACValue> ?AC_value FILTER regex(str(?angels), 'angel', 'i') }",what is the average armor class for angels?,"What is the average value of the AC value for beasts that have the word ""angel"" in their name?",CoT0,meta-llama/Llama-2-7b-chat-hf,False
SELECT (MIN(?FFValue ) as ?min_FFValue) WHERE {  ?creatures <http://www.semanticweb.org/annab/ontologies/2022/3/ontology#hasAlignment> <http://www.semanticweb.org/annab/ontologies/2022/3/ontology#lawfulGood>;  <http://www.semanticweb.org/annab/ontologies/2022/3/ontology#hasFlatFootedValue> ?FFValue},what is the minimum flat footed value for creatures with lawful good alignment?,What is the minimum value of the `FFValue` property of creatures that have the alignment `beasiary:lawfulGood` and also have the `FlatFootedValue` property?,CoT0,meta-llama/Llama-2-7b-chat-hf,False
"SELECT (COUNT(?trolls) as ?n_trolls) WHERE { ?trolls <http://www.w3.org/1999/02/22-rdf-syntax-ns#type> <http://www.semanticweb.org/annab/ontologies/2022/3/ontology#Beast>;  <http://www.semanticweb.org/annab/ontologies/2022/3/ontology#hasFlatFootedValue> ?FFValue FILTER regex(str(?trolls), 'troll', 'i') FILTER (?FFValue > 13 && ?FFValue < 18) }",how many trolls do have flat footed value between 13 and 18?,How many trolls have flat feet that match the regular expression 'troll'?,CoT0,meta-llama/Llama-2-7b-chat-hf,False
SELECT (MAX(?fort_value) as ?max_fort_value) WHERE {  ?creatures <http://www.semanticweb.org/annab/ontologies/2022/3/ontology#hasLanguages> <http://www.semanticweb.org/annab/ontologies/2022/3/ontology#GoblinL>;  <http://www.semanticweb.org/annab/ontologies/2022/3/ontology#hasFortValue> ?fort_value},what is the maximum fort value for creatures speaking goblin language?,What is the maximum value of the `fort_value` property for creatures that speak Goblin language?,CoT0,meta-llama/Llama-2-7b-chat-hf,False
ASK WHERE {  ?creatures <http://www.semanticweb.org/annab/ontologies/2022/3/ontology#hasAlignment> <http://www.semanticweb.org/annab/ontologies/2022/3/ontology#trueNeutral>; <http://www.semanticweb.org/annab/ontologies/2022/3/ontology#hasFortValue> ?FortValue FILTER (?FortValue = '6'^^xsd:integer)},is there any creature with true neutral alignment with fort value equal to 6?,What are the creatures that have a true neutral alignment and a fort value of 6?,CoT0,meta-llama/Llama-2-7b-chat-hf,False
SELECT (AVG(?HP) as ?avg_HP) WHERE {  ?creatures <http://www.semanticweb.org/annab/ontologies/2022/3/ontology#hasLanguages> <http://www.semanticweb.org/annab/ontologies/2022/3/ontology#GnomeL>;  <http://www.semanticweb.org/annab/ontologies/2022/3/ontology#hasHPvalue> ?HP },what is the average number of health points for creatures speaking gnome language?,"""What is the average value of the 'HP' property of creatures that have the language 'GnomeL'?""",CoT0,meta-llama/Llama-2-7b-chat-hf,False
"SELECT (MIN(?HP) as ?min_HP) WHERE { ?dragons <http://www.w3.org/1999/02/22-rdf-syntax-ns#type> <http://www.semanticweb.org/annab/ontologies/2022/3/ontology#Beast>;  <http://www.semanticweb.org/annab/ontologies/2022/3/ontology#hasHPvalue> ?HP; <http://www.semanticweb.org/annab/ontologies/2022/3/ontology#str> ?str_attr FILTER regex(str(?dragons), 'dragon', 'i') FILTER (?str_attr > 10) }",what is the minimum number of health points for dragons with strenghts attribute more than 10?,"What is the minimum value of the 'HP' attribute of beasiary:Beast objects that have a'str' attribute with a value that matches the pattern ""dragon"" and is greater than 10?",CoT0,meta-llama/Llama-2-7b-chat-hf,False
SELECT (COUNT(?creatures) as ?n_creatures) WHERE {  ?creatures <http://www.semanticweb.org/annab/ontologies/2022/3/ontology#hasLanguages> <http://www.semanticweb.org/annab/ontologies/2022/3/ontology#HalflingL>;  <http://www.semanticweb.org/annab/ontologies/2022/3/ontology#hasRefValue> ?Ref_value; <http://www.semanticweb.org/annab/ontologies/2022/3/ontology#atk> ?atk FILTER (?Ref_value > 10 && ?atk < 15) },how many creatures speaking halfling language do have ref value more than 10 and atack parameter less than 15?,How many creatures in the graph have the language Halfling and attack values less than or equal to 15?,CoT0,meta-llama/Llama-2-7b-chat-hf,False
SELECT ?creatures WHERE { {SELECT (MAX(?RefValue) as ?max_RefValue) WHERE{?creatures <http://www.semanticweb.org/annab/ontologies/2022/3/ontology#hasAlignment> <http://www.semanticweb.org/annab/ontologies/2022/3/ontology#chaoticEvil>; <http://www.semanticweb.org/annab/ontologies/2022/3/ontology#hasRefValue> ?RefValue}}?creatures <http://www.semanticweb.org/annab/ontologies/2022/3/ontology#hasAlignment> <http://www.semanticweb.org/annab/ontologies/2022/3/ontology#chaoticEvil>; <http://www.semanticweb.org/annab/ontologies/2022/3/ontology#hasRefValue> ?RefValue FILTER(?RefValue = ?max_RefValue)},what creatures with chaotic evil alignment do have the maximum ref value?,What is the maximum value of the `RefValue` variable in the graph for creatures that are chaotic evil and have an alignment?,CoT0,meta-llama/Llama-2-7b-chat-hf,False
"ASK WHERE { ?spiders <http://www.w3.org/1999/02/22-rdf-syntax-ns#type> <http://www.semanticweb.org/annab/ontologies/2022/3/ontology#Beast>;  <http://www.semanticweb.org/annab/ontologies/2022/3/ontology#hasTouchValue> ?touch_value FILTER regex(str(?spiders), 'spider', 'i') FILTER (?touch_value = 11) }",is there any spider type with touch value equal to 11?,"What are the characteristics of the spiders in the ontology that have a type of ""beasiary:Beast"" and also have a ""touchValue"" of 11?",CoT0,meta-llama/Llama-2-7b-chat-hf,False
SELECT (MIN(?touch_value) as ?min_touch_value) WHERE {  ?creatures <http://www.semanticweb.org/annab/ontologies/2022/3/ontology#hasLanguages> <http://www.semanticweb.org/annab/ontologies/2022/3/ontology#DruidicL>;  <http://www.semanticweb.org/annab/ontologies/2022/3/ontology#hasTouchValue> ?touch_value; <http://www.semanticweb.org/annab/ontologies/2022/3/ontology#hasInitValue> ?init FILTER (?init < 2) },what is the minimum touch value for creatures speaking druidic language with initiative value less than 2?,What is the minimum value of the 'touch_value' property for creatures that speak 'DruidicL' and have an initial value of less than 2?,CoT0,meta-llama/Llama-2-7b-chat-hf,False
SELECT ((COUNT(?creatures)/?n_creatures)*100 as ?creatures_perc) WHERE {  {SELECT (COUNT(?creatures) as ?n_creatures) WHERE { ?creatures <http://www.semanticweb.org/annab/ontologies/2022/3/ontology#hasAlignment> <http://www.semanticweb.org/annab/ontologies/2022/3/ontology#neutralEvil>}} ?creatures <http://www.semanticweb.org/annab/ontologies/2022/3/ontology#hasAlignment> <http://www.semanticweb.org/annab/ontologies/2022/3/ontology#neutralEvil>;  <http://www.semanticweb.org/annab/ontologies/2022/3/ontology#hasWillValue> ?will_value  FILTER (?will_value  < 1) },what percentage of creatures with neutral evil alignment do have will value less than 1?,How many creatures have a neutral evil alignment?,CoT0,meta-llama/Llama-2-7b-chat-hf,False
SELECT (AVG(?will_value) as ?avg_will_value) WHERE {  ?creatures <http://www.semanticweb.org/annab/ontologies/2022/3/ontology#hasLanguages> <http://www.semanticweb.org/annab/ontologies/2022/3/ontology#OrcL>;  <http://www.semanticweb.org/annab/ontologies/2022/3/ontology#hasWillValue> ?will_value  },what is the average will value for creatures speaking orc language?,What is the average value of the `will_value` variable for all creatures that have the language `OrcL`?,CoT0,meta-llama/Llama-2-7b-chat-hf,False
"SELECT ?zombies WHERE { ?zombies <http://www.w3.org/1999/02/22-rdf-syntax-ns#type> <http://www.semanticweb.org/annab/ontologies/2022/3/ontology#Beast>;  <http://www.semanticweb.org/annab/ontologies/2022/3/ontology#cha> ?cha FILTER regex(str(?zombies), 'zombie', 'i') FILTER (?cha > 3 && ?cha < 7) }",what types of zombies do have charisma attribute between 3 and 7?,"What are the zombies that have the label ""zombie"" and have a value for the?cha property that is greater than 3 and less than 7?",CoT0,meta-llama/Llama-2-7b-chat-hf,False
SELECT (COUNT(?creatures) as ?n_creatures) WHERE {  ?creatures <http://www.semanticweb.org/annab/ontologies/2022/3/ontology#hasLanguages> <http://www.semanticweb.org/annab/ontologies/2022/3/ontology#ProteanL>;  <http://www.semanticweb.org/annab/ontologies/2022/3/ontology#con> ?con FILTER (?con > 10) },how many creatures speaking protean language do have constitution greater than 10?,How many creatures have at least one language that is Protean and have a value for beasiary:con that is greater than 10?,CoT0,meta-llama/Llama-2-7b-chat-hf,False
"SELECT (MAX(?con) as ?max_con) WHERE { ?elementals <http://www.w3.org/1999/02/22-rdf-syntax-ns#type> <http://www.semanticweb.org/annab/ontologies/2022/3/ontology#Beast>;  <http://www.semanticweb.org/annab/ontologies/2022/3/ontology#con> ?con FILTER regex(str(?elementals), 'elemental', 'i') }",what is the maximum value of constitution attribute for elementals?,"What is the maximum number of ""elemental"" and ""i"" that can be found in the element `elementals`?",CoT0,meta-llama/Llama-2-7b-chat-hf,False
SELECT (AVG(?dex) as ?avg_dex) WHERE { ?creatures <http://www.semanticweb.org/annab/ontologies/2022/3/ontology#hasAlignment> <http://www.semanticweb.org/annab/ontologies/2022/3/ontology#trueNeutral>;  <http://www.semanticweb.org/annab/ontologies/2022/3/ontology#dex> ?dex },what is the average dexterity attribute for creatures with true neutral alignment?,What is the average value of dex for creatures that have trueNeutral alignment according to the beasiary ontology?,CoT0,meta-llama/Llama-2-7b-chat-hf,False
SELECT ?creatures WHERE {  {SELECT (AVG(?dex) as ?avg_dex)  WHERE {?creatures <http://www.semanticweb.org/annab/ontologies/2022/3/ontology#dex> ?dex}}  ?creatures <http://www.semanticweb.org/annab/ontologies/2022/3/ontology#hasLanguages> <http://www.semanticweb.org/annab/ontologies/2022/3/ontology#AbolethL>;   <http://www.semanticweb.org/annab/ontologies/2022/3/ontology#dex> ?dex FILTER (?dex > ?avg_dex) },which creatures speaking aboleth language do have dexterity greater than average for all creatures?,What is the average value of `dex` for the creatures in the query?,CoT0,meta-llama/Llama-2-7b-chat-hf,False
"SELECT (COUNT(?robots) as ?n_robots) WHERE { ?robots <http://www.w3.org/1999/02/22-rdf-syntax-ns#type> <http://www.semanticweb.org/annab/ontologies/2022/3/ontology#Beast>;  <http://www.semanticweb.org/annab/ontologies/2022/3/ontology#int> ?int; <http://www.semanticweb.org/annab/ontologies/2022/3/ontology#hasSpeedValue> ?speed FILTER regex(str(?robots), 'robot', 'i') FILTER (?int < 7 && ?speed > 10) }",how many robots do have intelligence attribute less than 7 and speed value more than 10?,How many robots have a speed value greater than 10?,CoT0,meta-llama/Llama-2-7b-chat-hf,False
SELECT (MIN(?int) as ?min_int) WHERE { ?creatures <http://www.semanticweb.org/annab/ontologies/2022/3/ontology#hasAlignment> <http://www.semanticweb.org/annab/ontologies/2022/3/ontology#chaoticNeutral>;  <http://www.semanticweb.org/annab/ontologies/2022/3/ontology#int> ?int },what is the minimum intelligence attribute for creatures with chaotic neutral alignment?,What is the minimum value of the variable 'int' for creatures that have the alignment 'chaoticNeutral'?,CoT0,meta-llama/Llama-2-7b-chat-hf,False
"SELECT ((SUM(?comp)/?n_creatures)*100 as ?creatures_perc) WHERE { {SELECT (COUNT(?creatures) as ?n_creatures) WHERE {?creatures <http://www.semanticweb.org/annab/ontologies/2022/3/ontology#hasLanguages> <http://www.semanticweb.org/annab/ontologies/2022/3/ontology#DaemonicL>}} ?creatures <http://www.semanticweb.org/annab/ontologies/2022/3/ontology#hasLanguages> <http://www.semanticweb.org/annab/ontologies/2022/3/ontology#DaemonicL>;  <http://www.semanticweb.org/annab/ontologies/2022/3/ontology#str> ?str BIND (if (?str > 20, 1, 0) as ?comp) }",what percentage of creatures speaking daemonic language do have strength attribute greater than 20?,How many creatures have more than 20 languages?,CoT0,meta-llama/Llama-2-7b-chat-hf,False
"ASK WHERE { ?golems <http://www.w3.org/1999/02/22-rdf-syntax-ns#type> <http://www.semanticweb.org/annab/ontologies/2022/3/ontology#Beast>;  <http://www.semanticweb.org/annab/ontologies/2022/3/ontology#str> ?str; <http://www.semanticweb.org/annab/ontologies/2022/3/ontology#cha> ?cha FILTER regex(str(?golems), 'golem', 'i') FILTER (?str < ?cha) }",is there any golem type with strength attribute lower than charisma?,"What are the characteristics of the beings labeled as ""golem""?",CoT0,meta-llama/Llama-2-7b-chat-hf,False
SELECT (AVG(?wis) as ?avg_wis) WHERE { ?creatures <http://www.semanticweb.org/annab/ontologies/2022/3/ontology#hasAlignment> <http://www.semanticweb.org/annab/ontologies/2022/3/ontology#lawfulNeutral>;  <http://www.semanticweb.org/annab/ontologies/2022/3/ontology#wis> ?wis },what is the average wisdom attribute for creatures with lawful neutral alignment?,What is the average wisdom level of creatures that are lawful and neutral?,CoT0,meta-llama/Llama-2-7b-chat-hf,False
SELECT ?creatures WHERE { ?creatures <http://www.semanticweb.org/annab/ontologies/2022/3/ontology#hasLanguages> <http://www.semanticweb.org/annab/ontologies/2022/3/ontology#NecrilL>;  <http://www.semanticweb.org/annab/ontologies/2022/3/ontology#hasLanguages> <http://www.semanticweb.org/annab/ontologies/2022/3/ontology#AbyssalL>;  <http://www.semanticweb.org/annab/ontologies/2022/3/ontology#wis> ?wis FILTER (?wis > 4) },which creatures speaking necril and abyssal languages do have wisdom attribute more than 4?,What are the characteristics of the creatures that have both NecrilL and AbyssalL languages and have a wisdom level above 4?,CoT0,meta-llama/Llama-2-7b-chat-hf,False
SELECT (SUM(?stats_values) as ?sum_stats_values) WHERE { ?stats <http://www.w3.org/2000/01/rdf-schema#subPropertyOf> <http://www.semanticweb.org/annab/ontologies/2022/3/ontology#statistics>. ?creatures <http://www.semanticweb.org/annab/ontologies/2022/3/ontology#hasLanguages> <http://www.semanticweb.org/annab/ontologies/2022/3/ontology#GnollL>;  <http://www.semanticweb.org/annab/ontologies/2022/3/ontology#hasLanguages> <http://www.semanticweb.org/annab/ontologies/2022/3/ontology#ElvenL>.  ?creatures ?stats ?stats_values } GROUP BY ?creatures,what are the sums of the statistics for creatures speaking both gnoll and elven languages?,What is the total number of statistics values for each creature that has both GnollL and ElvenL languages?,CoT0,meta-llama/Llama-2-7b-chat-hf,False
ASK WHERE { <http://www.semanticweb.org/annab/ontologies/2022/3/ontology#Griffon> <http://www.semanticweb.org/annab/ontologies/2022/3/ontology#hasAlignment> ?grif_alignment. <http://www.semanticweb.org/annab/ontologies/2022/3/ontology#Hippogriff> <http://www.semanticweb.org/annab/ontologies/2022/3/ontology#hasAlignment> ?hippogr_alignment FILTER (?grif_alignment = ?hippogr_alignment) },do Griffon and Hippogriff have the same alignment?,What do you think the alignment between Griffons and Hippogriffs might be in the beasiary ontology?,CoT0,meta-llama/Llama-2-7b-chat-hf,False
ASK WHERE { <http://www.semanticweb.org/annab/ontologies/2022/3/ontology#Androsphinx> <http://www.semanticweb.org/annab/ontologies/2022/3/ontology#int> ?androsphinx_int; <http://www.semanticweb.org/annab/ontologies/2022/3/ontology#wis> ?androsphinx_wis. <http://www.semanticweb.org/annab/ontologies/2022/3/ontology#BloodQueen> <http://www.semanticweb.org/annab/ontologies/2022/3/ontology#int> ?bqueen_int; <http://www.semanticweb.org/annab/ontologies/2022/3/ontology#wis> ?bqueen_wis. FILTER (?androsphinx_int+?androsphinx_wis > ?bqueen_int+?bqueen_wis) },does Androsphinx have a greater sum of intellegence and wisdom attributes than Blood Queen?,How many Androsphinxes have more than 500 wisdom points?,CoT0,meta-llama/Llama-2-7b-chat-hf,False
"SELECT (if((AVG(?baalz_stats) > AVG(?dagon_stats)), 'True', 'False') as ?res) WHERE { ?stats <http://www.w3.org/2000/01/rdf-schema#subPropertyOf> <http://www.semanticweb.org/annab/ontologies/2022/3/ontology#statistics>. <http://www.semanticweb.org/annab/ontologies/2022/3/ontology#Baalzebul> ?stats ?baalz_stats. <http://www.semanticweb.org/annab/ontologies/2022/3/ontology#Dagon> ?stats ?dagon_stats }",does Baalzebul have a greater value of average statistics than Dagon?,What does the average of `baalz_stats` and `dagon_stats` have to do with the truth value of the statement?,CoT0,meta-llama/Llama-2-7b-chat-hf,False
SELECT ?creatures WHERE{{SELECT (MAX(?con) as ?max_con) WHERE { ?creatures <http://www.semanticweb.org/annab/ontologies/2022/3/ontology#hasLanguages> <http://www.semanticweb.org/annab/ontologies/2022/3/ontology#GhoulL>;  <http://www.semanticweb.org/annab/ontologies/2022/3/ontology#con> ?con }} ?creatures <http://www.semanticweb.org/annab/ontologies/2022/3/ontology#hasLanguages> <http://www.semanticweb.org/annab/ontologies/2022/3/ontology#GhoulL>;  <http://www.semanticweb.org/annab/ontologies/2022/3/ontology#con> ?con FILTER (?con = ?max_con)},which creatures speaking ghoul language do have the greatest constitution attribute?,What is the maximum number of languages that a ghoul has?,CoT0,meta-llama/Llama-2-7b-chat-hf,False
"SELECT (if((COUNT(DISTINCT ?creatures_1) > COUNT(DISTINCT ?creatures_2)), 'True', 'False') as ?res) WHERE { ?creatures_1 <http://www.semanticweb.org/annab/ontologies/2022/3/ontology#hasLanguages> <http://www.semanticweb.org/annab/ontologies/2022/3/ontology#DarkL>.  ?creatures_2 <http://www.semanticweb.org/annab/ontologies/2022/3/ontology#hasLanguages> <http://www.semanticweb.org/annab/ontologies/2022/3/ontology#CyclopsL>. }",is the number of creatures speaking dark language greater than cyclops language?,"Do more creatures have the label ""DarkL"" than have the label ""CyclopsL""?",CoT0,meta-llama/Llama-2-7b-chat-hf,False
"SELECT (if((COUNT(DISTINCT ?creatures_1) > COUNT(DISTINCT ?creatures_2)), 'True', 'False') as ?res) WHERE { ?creatures_1 <http://www.semanticweb.org/annab/ontologies/2022/3/ontology#hasLanguages> <http://www.semanticweb.org/annab/ontologies/2022/3/ontology#PolyglotL>.  ?creatures_2 <http://www.semanticweb.org/annab/ontologies/2022/3/ontology#hasLanguages> <http://www.semanticweb.org/annab/ontologies/2022/3/ontology#SkaldL>. }",is the number of creatures speaking polyglot language greater than skald language?,Do you think more creatures have PolyglotL language skills or SkaldL language skills?,CoT0,meta-llama/Llama-2-7b-chat-hf,False
ASK WHERE { <http://www.semanticweb.org/annab/ontologies/2022/3/ontology#Lamia> <http://www.semanticweb.org/annab/ontologies/2022/3/ontology#hasLanguages> ?Lamia_lang; <http://www.semanticweb.org/annab/ontologies/2022/3/ontology#hasAlignment> ?Lamia_alignment. <http://www.semanticweb.org/annab/ontologies/2022/3/ontology#Lilith> <http://www.semanticweb.org/annab/ontologies/2022/3/ontology#hasLanguages> ?Lilith_lang; <http://www.semanticweb.org/annab/ontologies/2022/3/ontology#hasAlignment> ?Lilith_alignment FILTER (?Lamia_lang = ?Lilith_lang && ?Lamia_alignment = ?Lilith_alignment) },do Lamia and Lilith have a common language and alignment?,What are the languages and alignments of Lamia and Lilith in the beasiary ontology?,CoT0,meta-llama/Llama-2-7b-chat-hf,False
ASK WHERE { <http://www.semanticweb.org/annab/ontologies/2022/3/ontology#Lorelei> <http://www.semanticweb.org/annab/ontologies/2022/3/ontology#hasLanguages> ?Lorelei_lang. <http://www.semanticweb.org/annab/ontologies/2022/3/ontology#Siren> <http://www.semanticweb.org/annab/ontologies/2022/3/ontology#hasLanguages> ?Siren_lang FILTER (?Lorelei_lang = ?Siren_lang) },do Lorelei and sirens speak the same languages?,What are the common languages between Lorelei and Siren?,CoT0,meta-llama/Llama-2-7b-chat-hf,False
SELECT ((?Phoenix_dex+?Sleipnir_dex)/2 as ?avg_dex) WHERE { <http://www.semanticweb.org/annab/ontologies/2022/3/ontology#Phoenix> <http://www.semanticweb.org/annab/ontologies/2022/3/ontology#dex> ?Phoenix_dex. <http://www.semanticweb.org/annab/ontologies/2022/3/ontology#Sleipnir> <http://www.semanticweb.org/annab/ontologies/2022/3/ontology#dex> ?Sleipnir_dex },what is the average dexterity attribute for Phoenix and Sleipnir?,What is the average value of the combined dex of Phoenix and Sleipnir?,CoT0,meta-llama/Llama-2-7b-chat-hf,False
"SELECT ?max_con WHERE { <http://www.semanticweb.org/annab/ontologies/2022/3/ontology#Kraken> <http://www.semanticweb.org/annab/ontologies/2022/3/ontology#con> ?Kraken_con. <http://www.semanticweb.org/annab/ontologies/2022/3/ontology#Leviathan> <http://www.semanticweb.org/annab/ontologies/2022/3/ontology#con> ?Leviathan_con BIND(if(?Kraken_con > ?Leviathan_con, ?Kraken_con, ?Leviathan_con) as ?max_con) }",what is the maximum constitution attribute for Kraken and Leviathan?,What is the maximum value of the variable?max_con?,CoT0,meta-llama/Llama-2-7b-chat-hf,False
"SELECT ?min_wis WHERE { <http://www.semanticweb.org/annab/ontologies/2022/3/ontology#Gorynych> <http://www.semanticweb.org/annab/ontologies/2022/3/ontology#wis> ?Gorynych_wis. <http://www.semanticweb.org/annab/ontologies/2022/3/ontology#Vodyanoi> <http://www.semanticweb.org/annab/ontologies/2022/3/ontology#wis> ?Vodyanoi_wis BIND(if(?Gorynych_wis > ?Vodyanoi_wis, ?Vodyanoi_wis, ?Gorynych_wis) as ?min_wis) }",what is the minimum wisdom attribute for Gorynych and Vodyanoi?,What is the minimum wisdom value among Gorychnys and Vodyanois?,CoT0,meta-llama/Llama-2-7b-chat-hf,False
ASK WHERE { <http://www.semanticweb.org/annab/ontologies/2022/3/ontology#Kitsune> <http://www.semanticweb.org/annab/ontologies/2022/3/ontology#cha> ?Kitsune_cha. <http://www.semanticweb.org/annab/ontologies/2022/3/ontology#Rusalka> <http://www.semanticweb.org/annab/ontologies/2022/3/ontology#cha> ?Rusalka_cha FILTER(?Kitsune_cha > 20 || ?Rusalka_cha > 20) },does Kitsune or Rusalka have charisma attribute more than 20?,What are the things that have a special power or ability in the ontology?,CoT0,meta-llama/Llama-2-7b-chat-hf,False
ASK WHERE { <http://www.semanticweb.org/annab/ontologies/2022/3/ontology#Amon> <http://www.semanticweb.org/annab/ontologies/2022/3/ontology#str> ?Amon_str. <http://www.semanticweb.org/annab/ontologies/2022/3/ontology#Cetus> <http://www.semanticweb.org/annab/ontologies/2022/3/ontology#str> ?Cetus_str FILTER((?Amon_str > 15 && ?Amon_str < 25 ) && (?Cetus_str > 15 && ?Cetus_str < 25 )) },do both Amon and Cetus have strength attribute between 15 and 25?,What are the names of all the planets that are visible from Earth?,CoT0,meta-llama/Llama-2-7b-chat-hf,False
ASK WHERE { <http://www.semanticweb.org/annab/ontologies/2022/3/ontology#Sandman> <http://www.semanticweb.org/annab/ontologies/2022/3/ontology#hasLanguages> ?Sandman_lang. <http://www.semanticweb.org/annab/ontologies/2022/3/ontology#Charon> <http://www.semanticweb.org/annab/ontologies/2022/3/ontology#hasLanguages> ?Charon_lang FILTER((<http://www.semanticweb.org/annab/ontologies/2022/3/ontology#ElderL> in (?Sandman_lang) || <http://www.semanticweb.org/annab/ontologies/2022/3/ontology#BoggargL> in (?Sandman_lang)) || (<http://www.semanticweb.org/annab/ontologies/2022/3/ontology#ElderL> in (?Charon_lang) || <http://www.semanticweb.org/annab/ontologies/2022/3/ontology#BoggargL> in (?Charon_lang)))},does Sandman or Charon speak elder or boggarg language?,What are the things that have languages or elder siblings?,CoT0,meta-llama/Llama-2-7b-chat-hf,False
